Order ID,Timestamp,Fill Time,B/S,Contract,filledQty,Avg Fill Price,Type,Limit Price,Stop Price,Status,Trade Duration,Gap Time,Revenge Trade,Excessive Risk,Outsized Loss,No Stop Loss
7301604731,01/02/2024 7:11:00,01/02/2024 7:11:00,Buy,MNQH4,1,21469.25,Market,21469.25,,Filled,0:06:47,,,,,
7301604733,01/02/2024 7:11:11,01/02/2024 7:11:11,Sell,MNQH4,1,21490,Limit,21490,,Filled,,0:34:18,,,,
7301604731,01/02/2024 7:30:00,01/02/2024 7:30:00,Buy,MNQH4,1,21490.25,Market,21490.25,,Filled,0:06:47,,,,,
7301604732,01/02/2024 7:30:00,,Sell,MNQH4,1,,Stop,,21483.25,Cancelled,,,,,,
7301604733,01/02/2024 7:30:00,01/02/2024 7:36:47,Sell,MNQH4,1,21505.25,Limit,21505.25,,Filled,,0:34:18,,,,
7301604621,01/02/2024 8:11:05,01/02/2024 8:11:05,Buy,MNQH4,1,21461.25,Market,21461.25,,Filled,0:05:52,,,,,
7301604622,01/02/2024 8:11:05,01/02/2024 8:16:57,Sell,MNQH4,1,21450.25,Stop,,21450.25,Filled,,,,,,
7301604623,01/02/2024 8:11:05,,Sell,MNQH4,1,,Limit,21481.5,,Cancelled,,0:55:15,,,,
7301602951,01/02/2024 9:12:12,01/02/2024 9:12:12,Sell,MNQH4,1,21523,Market,21523,,Filled,0:06:06,,,,,
7301602952,01/02/2024 9:12:12,,Buy,MNQH4,1,,Stop,,21530.75,Cancelled,,,,,,
7301602953,01/02/2024 9:12:12,01/02/2024 9:18:18,Buy,MNQH4,1,21507.25,Limit,21507.25,,Filled,,1:59:48,,,,
7301603211,01/02/2024 11:18:06,01/02/2024 11:18:06,Sell,MNQH4,1,21506.5,Market,21506.5,,Filled,0:10:09,,,,,
7301603212,01/02/2024 11:18:06,01/02/2024 11:28:15,Buy,MNQH4,1,21518.75,Stop,,21518.75,Filled,,,,,,
7301603213,01/02/2024 11:18:06,,Buy,MNQH4,1,,Limit,21482,,Cancelled,,0:14:31,,,,
7301605101,01/02/2024 11:42:46,01/02/2024 11:42:46,Buy,MNQH4,1,21496.5,Market,21496.5,,Filled,0:01:49,,,,,
7301605102,01/02/2024 11:42:46,,Sell,MNQH4,1,,Stop,,21488.25,Cancelled,,,,,,
7301605103,01/02/2024 11:42:46,01/02/2024 11:44:35,Sell,MNQH4,1,21516,Limit,21516,,Filled,,1:17:09,,,,
7301604861,01/03/2024 7:30:00,01/03/2024 7:30:00,Sell,MNQH4,1,21498,Market,21498,,Filled,0:07:17,,,,,
7301604862,01/03/2024 7:30:00,,Buy,MNQH4,1,,Stop,,21507.25,Cancelled,,,,,,
7301604863,01/03/2024 7:30:00,01/03/2024 7:37:17,Buy,MNQH4,1,21479.75,Limit,21479.75,,Filled,,0:21:21,,,,
7301603951,01/03/2024 7:58:38,01/03/2024 7:58:38,Buy,MNQH4,1,21387,Market,21387,,Filled,0:01:11,,,,,
7301603952,01/03/2024 7:58:38,01/03/2024 7:59:49,Sell,MNQH4,1,21374.75,Stop,,21374.75,Filled,,,,,,
7301603953,01/03/2024 7:58:38,,Sell,MNQH4,1,,Limit,21410,,Cancelled,,1:52:56,,,,
7301605741,01/03/2024 9:52:45,01/03/2024 9:52:45,Buy,MNQH4,1,21495.5,Market,21495.5,,Filled,0:06:59,,revenge,,,
7301605742,01/03/2024 9:52:45,01/03/2024 9:59:44,Sell,MNQH4,1,21478.75,Stop,,21478.75,Filled,,,revenge,,,
7301605743,01/03/2024 9:52:45,,Sell,MNQH4,1,,Limit,21531,,Cancelled,,0:01:15,revenge,,,
7301605081,01/03/2024 10:00:59,01/03/2024 10:00:59,Sell,MNQH4,1,21466.75,Market,21466.75,,Filled,0:04:52,,,,,
7301605082,01/03/2024 10:00:59,01/03/2024 10:05:51,Buy,MNQH4,1,21479.5,Stop,,21479.5,Filled,,,,,,
7301605083,01/03/2024 10:00:59,,Buy,MNQH4,1,,Limit,21449.25,,Cancelled,,1:06:20,,,,
7301604611,01/03/2024 11:12:11,01/03/2024 11:12:11,Sell,MNQH4,1,21354.5,Market,21354.5,,Filled,0:02:14,,,,,
7301604612,01/03/2024 11:12:11,,Buy,MNQH4,1,,Stop,,21362.75,Cancelled,,,,,,
7301604613,01/03/2024 11:12:11,01/03/2024 11:14:25,Buy,MNQH4,1,21337.25,Limit,21337.25,,Filled,,0:10:11,,,,
7301603911,01/04/2024 7:30:00,01/04/2024 7:30:00,Buy,MNQH4,1,21360,Market,21360,,Filled,0:00:23,,,,,
7301603912,01/04/2024 7:30:00,,Sell,MNQH4,1,,Stop,,21350.25,Cancelled,,,,,,
7301603913,01/04/2024 7:30:00,01/04/2024 7:30:23,Sell,MNQH4,1,21379.75,Limit,21379.75,,Filled,,0:58:49,,,,
7301605251,01/04/2024 8:29:12,01/04/2024 8:29:12,Sell,MNQH4,1,21379,Market,21379,,Filled,0:06:56,,,,,
7301605252,01/04/2024 8:29:12,01/04/2024 8:36:08,Buy,MNQH4,1,21393.75,Stop,,21393.75,Filled,,,,,,
7301605253,01/04/2024 8:29:12,,Buy,MNQH4,1,,Limit,21353.75,,Cancelled,,1:42:39,,,,
7301604911,01/04/2024 10:18:47,01/04/2024 10:18:47,Sell,MNQH4,1,21483.25,Market,21483.25,,Filled,0:08:52,,,,,
7301604912,01/04/2024 10:18:47,01/04/2024 10:27:39,Buy,MNQH4,1,21495.75,Stop,,21495.75,Filled,,,,,,
7301604913,01/04/2024 10:18:47,,Buy,MNQH4,1,,Limit,21461.25,,Cancelled,,1:05:53,,,,
7301605571,01/04/2024 11:33:32,01/04/2024 11:33:32,Buy,MNQH4,1,21439.25,Market,21439.25,,Filled,0:10:01,,revenge,,,
7301605572,01/04/2024 11:33:32,,Sell,MNQH4,1,,Stop,,21432.25,Cancelled,,,revenge,,,
7301605573,01/04/2024 11:33:32,01/04/2024 11:43:33,Sell,MNQH4,1,21455.5,Limit,21455.5,,Filled,,0:03:19,revenge,,,
7301603801,01/04/2024 11:46:52,01/04/2024 11:46:52,Buy,MNQH4,1,21480.5,Market,21480.5,,Filled,0:10:44,,,,,
7301603802,01/04/2024 11:46:52,,Sell,MNQH4,1,,Stop,,21472.75,Cancelled,,,,,,
7301603803,01/04/2024 11:46:52,01/04/2024 11:57:36,Sell,MNQH4,1,21494.75,Limit,21494.75,,Filled,,1:54:46,,,,
7301603021,01/05/2024 7:30:00,01/05/2024 7:30:00,Sell,MNQH4,1,21421.5,Market,21421.5,,Filled,0:05:24,,,,,
7301603022,01/05/2024 7:30:00,,Buy,MNQH4,1,,Stop,,21430.5,Cancelled,,,,,,
7301603023,01/05/2024 7:30:00,01/05/2024 7:35:24,Buy,MNQH4,1,21401.5,Limit,21401.5,,Filled,,0:15:54,,,,
7301603571,01/05/2024 7:51:18,01/05/2024 7:51:18,Buy,MNQH4,1,21510.5,Market,21510.5,,Filled,0:07:59,,,,,
7301603572,01/05/2024 7:51:18,,Sell,MNQH4,1,,Stop,,21501,Cancelled,,,,,,
7301603573,01/05/2024 7:51:18,01/05/2024 7:59:17,Sell,MNQH4,1,21525.5,Limit,21525.5,,Filled,,0:34:58,,,,
7301603281,01/05/2024 8:34:15,01/05/2024 8:34:15,Buy,MNQH4,1,21438,Market,21438,,Filled,0:01:26,,,,,
7301603282,01/05/2024 8:34:15,01/05/2024 8:35:41,Sell,MNQH4,1,21423.25,Stop,,21423.25,Filled,,,,,,
7301603283,01/05/2024 8:34:15,,Sell,MNQH4,1,,Limit,21468.75,,Cancelled,,1:21:51,,,,
7301603811,01/05/2024 9:57:32,01/05/2024 9:57:32,Buy,MNQH4,1,21393,Market,21393,,Filled,0:02:50,,,,,
7301603812,01/05/2024 9:57:32,,Sell,MNQH4,1,,Stop,,21384.5,Cancelled,,,,,,
7301603813,01/05/2024 9:57:32,01/05/2024 10:00:22,Sell,MNQH4,1,21409.5,Limit,21409.5,,Filled,,1:30:59,,,,
7301603421,01/05/2024 11:31:21,01/05/2024 11:31:21,Sell,MNQH4,1,21442,Market,21442,,Filled,0:08:11,,,,,
7301603422,01/05/2024 11:31:21,01/05/2024 11:39:32,Buy,MNQH4,1,21456,Stop,,21456,Filled,,,,,,
7301603423,01/05/2024 11:31:21,,Buy,MNQH4,1,,Limit,21415,,Cancelled,,1:00:17,,,,
7301604021,01/08/2024 7:30:00,01/08/2024 7:30:00,Sell,MNQH4,1,21514.25,Market,21514.25,,Filled,0:03:27,,,,,
7301604022,01/08/2024 7:30:00,,Buy,MNQH4,1,,Stop,,21523.75,Cancelled,,,,,,
7301604023,01/08/2024 7:30:00,01/08/2024 7:33:27,Buy,MNQH4,1,21499.25,Limit,21499.25,,Filled,,0:45:56,,,,
7301605181,01/08/2024 8:19:23,01/08/2024 8:19:23,Buy,MNQH4,1,21463.25,Market,21463.25,,Filled,0:10:25,,,,,
7301605182,01/08/2024 8:19:23,,Sell,MNQH4,1,,Stop,,21453.25,Cancelled,,,,,,
7301605183,01/08/2024 8:19:23,01/08/2024 8:29:48,Sell,MNQH4,1,21480.25,Limit,21480.25,,Filled,,1:47:16,,,,
7301603381,01/08/2024 10:17:04,01/08/2024 10:17:04,Sell,MNQH4,1,21500,Market,21500,,Filled,0:08:34,,,,,
7301603382,01/08/2024 10:17:04,01/08/2024 10:25:38,Buy,MNQH4,1,21516.5,Stop,,21516.5,Filled,,,,,,
7301603383,01/08/2024 10:17:04,,Buy,MNQH4,1,,Limit,21471,,Cancelled,,0:36:08,,,,
7301602811,01/08/2024 11:01:46,01/08/2024 11:01:46,Sell,MNQH4,1,21435.25,Market,21435.25,,Filled,0:02:41,,,,,
7301602812,01/08/2024 11:01:46,01/08/2024 11:04:27,Buy,MNQH4,1,21454,Stop,,21454,Filled,,,,,,
7301602813,01/08/2024 11:01:46,,Buy,MNQH4,1,,Limit,21399.25,,Cancelled,,0:34:35,,,,
7301605601,01/08/2024 11:39:02,01/08/2024 11:39:02,Sell,MNQH4,1,21479.75,Market,21479.75,,Filled,0:10:39,,revenge,,,
7301605602,01/08/2024 11:39:02,01/08/2024 11:49:41,Buy,MNQH4,1,21495.25,Stop,,21495.25,Filled,,,revenge,,,
7301605603,01/08/2024 11:39:02,,Buy,MNQH4,1,,Limit,21451,,Cancelled,,0:00:28,revenge,,,
7301605111,01/09/2024 7:30:00,01/09/2024 7:30:00,Buy,MNQH4,1,21401.75,Market,21401.75,,Filled,0:10:00,,,,,
7301605112,01/09/2024 7:30:00,01/09/2024 7:40:00,Sell,MNQH4,1,21384.25,Stop,,21384.25,Filled,,,,,,
7301605113,01/09/2024 7:30:00,,Sell,MNQH4,1,,Limit,21428.5,,Cancelled,,1:51:57,,,,
7301603171,01/09/2024 9:31:57,01/09/2024 9:31:57,Sell,MNQH4,1,21417.5,Market,21417.5,,Filled,0:01:17,,,,,
7301603172,01/09/2024 9:31:57,,Buy,MNQH4,1,,Stop,,21432.75,Cancelled,,,,,,
7301603173,01/09/2024 9:31:57,01/09/2024 9:33:14,Buy,MNQH4,1,21394.5,Limit,21394.5,,Filled,,1:16:59,,,,
7301603611,01/09/2024 10:50:13,01/09/2024 10:50:13,Buy,MNQH4,1,21454.25,Market,21454.25,,Filled,0:06:37,,,,,
7301603612,01/09/2024 10:50:13,01/09/2024 10:56:50,Sell,MNQH4,1,21446,Stop,,21446,Filled,,,,,,
7301603613,01/09/2024 10:50:13,,Sell,MNQH4,1,,Limit,21466.25,,Cancelled,,1:32:01,,,,
7301604641,01/09/2024 12:28:51,01/09/2024 12:28:51,Buy,MNQH4,1,21414.5,Market,21414.5,,Filled,0:04:35,,,,,
7301604642,01/09/2024 12:28:51,01/09/2024 12:33:26,Sell,MNQH4,1,21405.5,Stop,,21405.5,Filled,,,,,,
7301604643,01/09/2024 12:28:51,,Sell,MNQH4,1,,Limit,21426.75,,Cancelled,,0:38:29,,,,
7301604271,01/09/2024 13:11:55,01/09/2024 13:11:55,Buy,MNQH4,1,21444.75,Market,21444.75,,Filled,0:07:58,,,,,
7301604272,01/09/2024 13:11:55,,Sell,MNQH4,1,,Stop,,21439,Cancelled,,,,,,
7301604273,01/09/2024 13:11:55,01/09/2024 13:19:53,Sell,MNQH4,1,21456.75,Limit,21456.75,,Filled,,1:20:29,,,,
7301603291,01/10/2024 7:30:00,01/10/2024 7:30:00,Buy,MNQH4,1,21355.5,Market,21355.5,,Filled,0:03:47,,,,,
7301603292,01/10/2024 7:30:00,,Sell,MNQH4,1,,Stop,,21342.75,Cancelled,,,,,,
7301603293,01/10/2024 7:30:00,01/10/2024 7:33:47,Sell,MNQH4,1,21376,Limit,21376,,Filled,,1:45:27,,,,
7301604291,01/10/2024 9:19:14,01/10/2024 9:19:14,Sell,MNQH4,1,21384.5,Market,21384.5,,Filled,0:05:17,,,,,
7301604292,01/10/2024 9:19:14,,Buy,MNQH4,1,,Stop,,21396.75,Cancelled,,,,,,
7301604293,01/10/2024 9:19:14,01/10/2024 9:24:31,Buy,MNQH4,1,21366,Limit,21366,,Filled,,0:44:07,,,,
7301604841,01/10/2024 10:08:38,01/10/2024 10:08:38,Sell,MNQH4,1,21484.25,Market,21484.25,,Filled,0:09:38,,,,,
7301604842,01/10/2024 10:08:38,01/10/2024 10:18:16,Buy,MNQH4,1,21494.5,Stop,,21494.5,Filled,,,,,,
7301604843,01/10/2024 10:08:38,,Buy,MNQH4,1,,Limit,21462,,Cancelled,,0:42:28,,,,
7301605871,01/10/2024 11:00:44,01/10/2024 11:00:44,Buy,MNQH4,1,21445.75,Market,21445.75,,Filled,0:00:49,,,,outsized,
7301605872,01/10/2024 11:00:44,01/10/2024 11:01:33,Sell,MNQH4,1,21423.75,Stop,,21423.75,Filled,,,,,outsized,
7301605873,01/10/2024 11:00:44,,Sell,MNQH4,1,,Limit,21488.75,,Cancelled,,0:08:26,,,outsized,
7301604061,01/10/2024 11:09:59,01/10/2024 11:09:59,Sell,MNQH4,1,21430.75,Market,21430.75,,Filled,0:01:15,,,,,
7301604062,01/10/2024 11:09:59,01/10/2024 11:11:14,Buy,MNQH4,1,21448.25,Stop,,21448.25,Filled,,,,,,
7301604063,01/10/2024 11:09:59,,Buy,MNQH4,1,,Limit,21389.25,,Cancelled,,0:15:27,,,,
7301603851,01/11/2024 7:30:00,01/11/2024 7:30:00,Buy,MNQH4,1,21447,Market,21447,,Filled,0:02:39,,,,,
7301603852,01/11/2024 7:30:00,,Sell,MNQH4,1,,Stop,,21435,Cancelled,,,,,,
7301603853,01/11/2024 7:30:00,01/11/2024 7:32:39,Sell,MNQH4,1,21466.5,Limit,21466.5,,Filled,,0:35:18,,,,
7301605261,01/11/2024 8:07:57,01/11/2024 8:07:57,Sell,MNQH4,1,21497.75,Market,21497.75,,Filled,0:00:24,,,,,
7301605262,01/11/2024 8:07:57,,Buy,MNQH4,1,,Stop,,21510.25,Cancelled,,,,,,
7301605263,01/11/2024 8:07:57,01/11/2024 8:08:21,Buy,MNQH4,1,21475,Limit,21475,,Filled,,1:11:53,,,,
7301604211,01/11/2024 9:20:14,01/11/2024 9:20:14,Buy,MNQH4,1,21390,Market,21390,,Filled,0:09:28,,,,,
7301604212,01/11/2024 9:20:14,,Sell,MNQH4,1,,Stop,,21380.25,Cancelled,,,,,,
7301604213,01/11/2024 9:20:14,01/11/2024 9:29:42,Sell,MNQH4,1,21411.25,Limit,21411.25,,Filled,,1:29:33,,,,
7301603761,01/11/2024 10:59:15,01/11/2024 10:59:15,Sell,MNQH4,1,21499,Market,21499,,Filled,0:08:39,,,,,
7301603762,01/11/2024 10:59:15,,Buy,MNQH4,1,,Stop,,21509.75,Cancelled,,,,,,
7301603763,01/11/2024 10:59:15,01/11/2024 11:07:54,Buy,MNQH4,1,21482.75,Limit,21482.75,,Filled,,1:42:47,,,,
7301603671,01/11/2024 12:50:41,01/11/2024 12:50:41,Sell,MNQH4,1,21487,Market,21487,,Filled,0:03:59,,,,,
7301603672,01/11/2024 12:50:41,,Buy,MNQH4,1,,Stop,,21497.5,Cancelled,,,,,,
7301603673,01/11/2024 12:50:41,01/11/2024 12:54:40,Buy,MNQH4,1,21465.75,Limit,21465.75,,Filled,,1:56:41,,,,
7301604701,01/12/2024 7:30:00,01/12/2024 7:30:00,Sell,MNQH4,1,21504.75,Market,21504.75,,Filled,0:00:20,,,,,
7301604702,01/12/2024 7:30:00,,Buy,MNQH4,1,,Stop,,21516,Cancelled,,,,,,
7301604703,01/12/2024 7:30:00,01/12/2024 7:30:20,Buy,MNQH4,1,21485.75,Limit,21485.75,,Filled,,0:06:38,,,,
7301605161,01/12/2024 7:36:58,01/12/2024 7:36:58,Sell,MNQH4,1,21406,Market,21406,,Filled,0:08:41,,,,,
7301605162,01/12/2024 7:36:58,,Buy,MNQH4,1,,Stop,,21413.5,Cancelled,,,,,,
7301605163,01/12/2024 7:36:58,01/12/2024 7:45:39,Buy,MNQH4,1,21388.75,Limit,21388.75,,Filled,,0:59:54,,,,
7301604971,01/12/2024 8:45:33,01/12/2024 8:45:33,Buy,MNQH4,1,21401.75,Market,21401.75,,Filled,0:04:30,,,,,
7301604972,01/12/2024 8:45:33,01/12/2024 8:50:03,Sell,MNQH4,1,21382,Stop,,21382,Filled,,,,,,
7301604973,01/12/2024 8:45:33,,Sell,MNQH4,1,,Limit,21445.25,,Cancelled,,0:45:44,,,,
7301605321,01/12/2024 9:35:47,01/12/2024 9:35:47,Buy,MNQH4,1,21356.75,Market,21356.75,,Filled,0:04:41,,,,,
7301605322,01/12/2024 9:35:47,01/12/2024 9:40:28,Sell,MNQH4,1,21344.5,Stop,,21344.5,Filled,,,,,,
7301605323,01/12/2024 9:35:47,,Sell,MNQH4,1,,Limit,21379,,Cancelled,,0:45:36,,,,
7301604181,01/12/2024 10:26:04,01/12/2024 10:26:04,Buy,MNQH4,1,21403.5,Market,21403.5,,Filled,0:00:29,,,,,
7301604182,01/12/2024 10:26:04,01/12/2024 10:26:33,Sell,MNQH4,1,21384.25,Stop,,21384.25,Filled,,,,,,
7301604183,01/12/2024 10:26:04,,Sell,MNQH4,1,,Limit,21436.5,,Cancelled,,1:32:14,,,,
7301605391,01/15/2024 7:30:00,01/15/2024 7:30:00,Buy,MNQH4,1,21483.25,Market,21483.25,,Filled,0:01:43,,,,,
7301605392,01/15/2024 7:30:00,01/15/2024 7:31:43,Sell,MNQH4,1,21465.75,Stop,,21465.75,Filled,,,,,,
7301605393,01/15/2024 7:30:00,,Sell,MNQH4,1,,Limit,21521,,Cancelled,,0:16:05,,,,
7301605011,01/15/2024 7:47:48,01/15/2024 7:47:48,Buy,MNQH4,1,21484.5,Market,21484.5,,Filled,0:05:16,,,,,
7301605012,01/15/2024 7:47:48,01/15/2024 7:53:04,Sell,MNQH4,1,21466.5,Stop,,21466.5,Filled,,,,,,
7301605013,01/15/2024 7:47:48,,Sell,MNQH4,1,,Limit,21526.25,,Cancelled,,1:16:07,,,,
7301603981,01/15/2024 9:09:11,01/15/2024 9:09:11,Buy,MNQH4,1,21510.75,Market,21510.75,,Filled,0:06:54,,,,,
7301603982,01/15/2024 9:09:11,01/15/2024 9:16:05,Sell,MNQH4,1,21496.5,Stop,,21496.5,Filled,,,,,,
7301603983,01/15/2024 9:09:11,,Sell,MNQH4,1,,Limit,21541.5,,Cancelled,,0:53:34,,,,
7301603251,01/15/2024 10:09:39,01/15/2024 10:09:39,Sell,MNQH4,1,21406.5,Market,21406.5,,Filled,0:01:45,,,,,
7301603252,01/15/2024 10:09:39,,Buy,MNQH4,1,,Stop,,21414.75,Cancelled,,,,,,
7301603253,01/15/2024 10:09:39,01/15/2024 10:11:24,Buy,MNQH4,1,21393.5,Limit,21393.5,,Filled,,0:42:29,,,,
7301605541,01/15/2024 10:53:53,01/15/2024 10:53:53,Sell,MNQH4,1,21355.75,Market,21355.75,,Filled,0:03:07,,revenge,,,
7301605542,01/15/2024 10:53:53,,Buy,MNQH4,1,,Stop,,21362.75,Cancelled,,,revenge,,,
7301605543,01/15/2024 10:53:53,01/15/2024 10:57:00,Buy,MNQH4,1,21342.5,Limit,21342.5,,Filled,,0:02:07,revenge,,,
7301605241,01/16/2024 7:30:00,01/16/2024 7:30:00,Buy,MNQH4,1,21369,Market,21369,,Filled,0:05:52,,,,,
7301605242,01/16/2024 7:30:00,01/16/2024 7:35:52,Sell,MNQH4,1,21359,Stop,,21359,Filled,,,,,,
7301605243,01/16/2024 7:30:00,,Sell,MNQH4,1,,Limit,21384.75,,Cancelled,,0:24:11,,,,
7301602991,01/16/2024 8:00:03,01/16/2024 8:00:03,Buy,MNQH4,1,21424,Market,21424,,Filled,0:01:00,,,,,
7301602992,01/16/2024 8:00:03,01/16/2024 8:01:03,Sell,MNQH4,1,21409.75,Stop,,21409.75,Filled,,,,,,
7301602993,01/16/2024 8:00:03,,Sell,MNQH4,1,,Limit,21447.25,,Cancelled,,1:09:20,,,,
7301602961,01/16/2024 9:10:23,01/16/2024 9:10:23,Buy,MNQH4,1,21409.75,Market,21409.75,,Filled,0:03:21,,,,,
7301602962,01/16/2024 9:10:23,,Sell,MNQH4,1,,Stop,,21402.5,Cancelled,,,,,,
7301602963,01/16/2024 9:10:23,01/16/2024 9:13:44,Sell,MNQH4,1,21423.5,Limit,21423.5,,Filled,,0:33:29,,,,
7301602781,01/16/2024 9:47:13,01/16/2024 9:47:13,Buy,MNQH4,1,21397.5,Market,21397.5,,Filled,0:02:35,,,,,
7301602782,01/16/2024 9:47:13,,Sell,MNQH4,1,,Stop,,21391,Cancelled,,,,,,
7301602783,01/16/2024 9:47:13,01/16/2024 9:49:48,Sell,MNQH4,1,21409.75,Limit,21409.75,,Filled,,1:34:25,,,,
7301603841,01/16/2024 11:24:13,01/16/2024 11:24:13,Buy,MNQH4,1,21499.75,Market,21499.75,,Filled,0:02:03,,,,,
7301603842,01/16/2024 11:24:13,,Sell,MNQH4,1,,Stop,,21486.75,Cancelled,,,,,,
7301603843,01/16/2024 11:24:13,01/16/2024 11:26:16,Sell,MNQH4,1,21520.5,Limit,21520.5,,Filled,,1:35:00,,,,
7301604111,01/17/2024 7:30:00,01/17/2024 7:30:00,Sell,MNQH4,1,21486.75,Market,21486.75,,Filled,0:01:40,,,,,
7301604112,01/17/2024 7:30:00,01/17/2024 7:31:40,Buy,MNQH4,1,21496,Stop,,21496,Filled,,,,,,
7301604113,01/17/2024 7:30:00,,Buy,MNQH4,1,,Limit,21466.75,,Cancelled,,1:40:52,,,,
7301605701,01/17/2024 9:12:32,01/17/2024 9:12:32,Buy,MNQH4,1,21478.25,Market,21478.25,,Filled,0:11:06,,revenge,,,
7301605702,01/17/2024 9:12:32,,Sell,MNQH4,1,,Stop,,21468.75,Cancelled,,,revenge,,,
7301605703,01/17/2024 9:12:32,01/17/2024 9:23:38,Sell,MNQH4,1,21496.25,Limit,21496.25,,Filled,,0:01:08,revenge,,,
7301605441,01/17/2024 9:24:46,01/17/2024 9:24:46,Sell,MNQH4,1,21427.25,Market,21427.25,,Filled,0:01:04,,,,,
7301605442,01/17/2024 9:24:46,01/17/2024 9:25:50,Buy,MNQH4,1,21437.25,Stop,,21437.25,Filled,,,,,,
7301605443,01/17/2024 9:24:46,,Buy,MNQH4,1,,Limit,21408.25,,Cancelled,,1:04:58,,,,
7301604431,01/17/2024 10:30:48,01/17/2024 10:30:48,Sell,MNQH4,1,21377.75,Market,21377.75,,Filled,0:08:19,,,,,
7301604432,01/17/2024 10:30:48,,Buy,MNQH4,1,,Stop,,21386.75,Cancelled,,,,,,
7301604433,01/17/2024 10:30:48,01/17/2024 10:39:07,Buy,MNQH4,1,21358.75,Limit,21358.75,,Filled,,1:15:53,,,,
7301604421,01/17/2024 11:55:00,01/17/2024 11:55:00,Sell,MNQH4,1,21408.5,Market,21408.5,,Filled,0:11:09,,,,,
7301604422,01/17/2024 11:55:00,,Buy,MNQH4,1,,Stop,,21419,Cancelled,,,,,,
7301604423,01/17/2024 11:55:00,01/17/2024 12:06:09,Buy,MNQH4,1,21389,Limit,21389,,Filled,,0:22:49,,,,
7301604361,01/18/2024 7:30:00,01/18/2024 7:30:00,Buy,MNQH4,1,21476.5,Market,21476.5,,Filled,0:01:34,,,,,
7301604362,01/18/2024 7:30:00,,Sell,MNQH4,1,,Stop,,21464.25,Cancelled,,,,,,
7301604363,01/18/2024 7:30:00,01/18/2024 7:31:34,Sell,MNQH4,1,21496.25,Limit,21496.25,,Filled,,1:35:52,,,,
7301604711,01/18/2024 9:07:26,01/18/2024 9:07:26,Sell,MNQH4,1,21407,Market,21407,,Filled,0:02:23,,,,,
7301604712,01/18/2024 9:07:26,,Buy,MNQH4,1,,Stop,,21418,Cancelled,,,,,,
7301604713,01/18/2024 9:07:26,01/18/2024 9:09:49,Buy,MNQH4,1,21388.75,Limit,21388.75,,Filled,,0:21:06,,,,
7301604681,01/18/2024 9:30:55,01/18/2024 9:30:55,Sell,MNQH4,1,21371.25,Market,21371.25,,Filled,0:04:43,,,,,
7301604682,01/18/2024 9:30:55,01/18/2024 9:35:38,Buy,MNQH4,1,21385.25,Stop,,21385.25,Filled,,,,,,
7301604683,01/18/2024 9:30:55,,Buy,MNQH4,1,,Limit,21349.5,,Cancelled,,0:34:16,,,,
7301602881,01/18/2024 10:09:54,01/18/2024 10:09:54,Sell,MNQH4,1,21454.5,Market,21454.5,,Filled,0:04:18,,,,,
7301602882,01/18/2024 10:09:54,01/18/2024 10:14:12,Buy,MNQH4,1,21468.25,Stop,,21468.25,Filled,,,,,,
7301602883,01/18/2024 10:09:54,,Buy,MNQH4,1,,Limit,21424.5,,Cancelled,,1:47:34,,,,
7301604491,01/18/2024 12:01:46,01/18/2024 12:01:46,Sell,MNQH4,1,21355.75,Market,21355.75,,Filled,0:05:23,,,,,
7301604492,01/18/2024 12:01:46,,Buy,MNQH4,1,,Stop,,21364.75,Cancelled,,,,,,
7301604493,01/18/2024 12:01:46,01/18/2024 12:07:09,Buy,MNQH4,1,21339.75,Limit,21339.75,,Filled,,0:37:09,,,,
7301602841,01/19/2024 7:30:00,01/19/2024 7:30:00,Buy,MNQH4,1,21376.75,Market,21376.75,,Filled,0:05:47,,,,,
7301602842,01/19/2024 7:30:00,01/19/2024 7:35:47,Sell,MNQH4,1,21360.25,Stop,,21360.25,Filled,,,,,,
7301602843,01/19/2024 7:30:00,,Sell,MNQH4,1,,Limit,21415.5,,Cancelled,,1:54:34,,,,
7301604541,01/19/2024 9:30:21,01/19/2024 9:30:21,Buy,MNQH4,1,21370.25,Market,21370.25,,Filled,0:04:42,,,,,
7301604542,01/19/2024 9:30:21,01/19/2024 9:35:03,Sell,MNQH4,1,21359.5,Stop,,21359.5,Filled,,,,,,
7301604543,01/19/2024 9:30:21,,Sell,MNQH4,1,,Limit,21392.5,,Cancelled,,0:41:58,,,,
7301602981,01/19/2024 10:17:01,01/19/2024 10:17:01,Sell,MNQH4,1,21401.75,Market,21401.75,,Filled,0:07:41,,,,,
7301602982,01/19/2024 10:17:01,01/19/2024 10:24:42,Buy,MNQH4,1,21410,Stop,,21410,Filled,,,,,,
7301602983,01/19/2024 10:17:01,,Buy,MNQH4,1,,Limit,21387.75,,Cancelled,,1:27:22,,,,
7301605431,01/19/2024 11:52:04,01/19/2024 11:52:04,Buy,MNQH4,1,21394.75,Market,21394.75,,Filled,0:10:54,,,,,
7301605432,01/19/2024 11:52:04,01/19/2024 12:02:58,Sell,MNQH4,1,21375.25,Stop,,21375.25,Filled,,,,,,
7301605433,01/19/2024 11:52:04,,Sell,MNQH4,1,,Limit,21422.5,,Cancelled,,0:36:08,,,,
7301604081,01/19/2024 12:39:06,01/19/2024 12:39:06,Sell,MNQH4,1,21408.75,Market,21408.75,,Filled,0:07:21,,,,,
7301604082,01/19/2024 12:39:06,,Buy,MNQH4,1,,Stop,,21418.75,Cancelled,,,,,,
7301604083,01/19/2024 12:39:06,01/19/2024 12:46:27,Buy,MNQH4,1,21392.25,Limit,21392.25,,Filled,,1:56:34,,,,
7301603081,01/22/2024 7:30:00,01/22/2024 7:30:00,Sell,MNQH4,1,21406,Market,21406,,Filled,0:00:11,,,,,
7301603082,01/22/2024 7:30:00,,Buy,MNQH4,1,,Stop,,21420,Cancelled,,,,,,
7301603083,01/22/2024 7:30:00,01/22/2024 7:30:11,Buy,MNQH4,1,21384,Limit,21384,,Filled,,1:48:57,,,,
7301604871,01/22/2024 9:19:08,01/22/2024 9:19:08,Buy,MNQH4,1,21508.5,Market,21508.5,,Filled,0:09:40,,,,,
7301604872,01/22/2024 9:19:08,,Sell,MNQH4,1,,Stop,,21495.75,Cancelled,,,,,,
7301604873,01/22/2024 9:19:08,01/22/2024 9:28:48,Sell,MNQH4,1,21527.5,Limit,21527.5,,Filled,,1:22:35,,,,
7301605221,01/22/2024 10:51:23,01/22/2024 10:51:23,Sell,MNQH4,1,21361,Market,21361,,Filled,0:09:38,,,,,
7301605222,01/22/2024 10:51:23,01/22/2024 11:01:01,Buy,MNQH4,1,21369.75,Stop,,21369.75,Filled,,,,,,
7301605223,01/22/2024 10:51:23,,Buy,MNQH4,1,,Limit,21347.5,,Cancelled,,1:51:58,,,,
7301603441,01/22/2024 12:52:59,01/22/2024 12:52:59,Buy,MNQH4,1,21529.75,Market,21529.75,,Filled,0:04:33,,,,,
7301603442,01/22/2024 12:52:59,,Sell,MNQH4,1,,Stop,,21522,Cancelled,,,,,,
7301603443,01/22/2024 12:52:59,01/22/2024 12:57:32,Sell,MNQH4,1,21542,Limit,21542,,Filled,,1:33:52,,,,
7301605201,01/22/2024 14:31:24,01/22/2024 14:31:24,Buy,MNQH4,1,21359.75,Market,21359.75,,Filled,0:01:21,,,,,
7301605202,01/22/2024 14:31:24,,Sell,MNQH4,1,,Stop,,21350.75,Cancelled,,,,,,
7301605203,01/22/2024 14:31:24,01/22/2024 14:32:45,Sell,MNQH4,1,21373,Limit,21373,,Filled,,1:40:33,,,,
7301604481,01/23/2024 7:30:00,01/23/2024 7:30:00,Buy,MNQH4,1,21395,Market,21395,,Filled,0:01:57,,,,,
7301604482,01/23/2024 7:30:00,01/23/2024 7:31:57,Sell,MNQH4,1,21385.75,Stop,,21385.75,Filled,,,,,,
7301604483,01/23/2024 7:30:00,,Sell,MNQH4,1,,Limit,21406.25,,Cancelled,,1:05:19,,,,
7301605631,01/23/2024 8:37:16,01/23/2024 8:37:16,Buy,MNQH4,1,21377.25,Market,21377.25,,Filled,0:00:21,,revenge,,,
7301605632,01/23/2024 8:37:16,,Sell,MNQH4,1,,Stop,,21369.25,Cancelled,,,revenge,,,
7301605633,01/23/2024 8:37:16,01/23/2024 8:37:37,Sell,MNQH4,1,21396.75,Limit,21396.75,,Filled,,0:03:56,revenge,,,
7301603621,01/23/2024 8:41:33,01/23/2024 8:41:33,Buy,MNQH4,1,21418.5,Market,21418.5,,Filled,0:10:40,,,,,
7301603622,01/23/2024 8:41:33,01/23/2024 8:52:13,Sell,MNQH4,1,21408.25,Stop,,21408.25,Filled,,,,,,
7301603623,01/23/2024 8:41:33,,Sell,MNQH4,1,,Limit,21436.25,,Cancelled,,1:38:39,,,,
7301605511,01/23/2024 10:30:52,01/23/2024 10:30:52,Buy,MNQH4,1,21500.75,Market,21500.75,,Filled,0:11:13,,,,,
7301605512,01/23/2024 10:30:52,,Sell,MNQH4,1,,Stop,,21489.75,Cancelled,,,,,,
7301605513,01/23/2024 10:30:52,01/23/2024 10:42:05,Sell,MNQH4,1,21521.5,Limit,21521.5,,Filled,,1:30:22,,,,
7301604121,01/23/2024 12:12:27,01/23/2024 12:12:27,Buy,MNQH4,1,21517.25,Market,21517.25,,Filled,0:06:34,,,,,
7301604122,01/23/2024 12:12:27,,Sell,MNQH4,1,,Stop,,21509,Cancelled,,,,,,
7301604123,01/23/2024 12:12:27,01/23/2024 12:19:01,Sell,MNQH4,1,21533.25,Limit,21533.25,,Filled,,1:26:11,,,,
7301603101,01/24/2024 7:30:00,01/24/2024 7:30:00,Buy,MNQH4,1,21511.25,Market,21511.25,,Filled,0:01:46,,,,,
7301603102,01/24/2024 7:30:00,,Sell,MNQH4,1,,Stop,,21503,Cancelled,,,,,,
7301603103,01/24/2024 7:30:00,01/24/2024 7:31:46,Sell,MNQH4,1,21531.25,Limit,21531.25,,Filled,,1:49:02,,,,
7301603141,01/24/2024 9:20:48,01/24/2024 9:20:48,Sell,MNQH4,1,21503.5,Market,21503.5,,Filled,0:10:05,,,,,
7301603142,01/24/2024 9:20:48,01/24/2024 9:30:53,Buy,MNQH4,1,21520.75,Stop,,21520.75,Filled,,,,,,
7301603143,01/24/2024 9:20:48,,Buy,MNQH4,1,,Limit,21470.25,,Cancelled,,1:37:26,,,,
7301604561,01/24/2024 11:08:19,01/24/2024 11:08:19,Sell,MNQH4,1,21383,Market,21383,,Filled,0:02:42,,,,,
7301604562,01/24/2024 11:08:19,,Buy,MNQH4,1,,Stop,,21393.25,Cancelled,,,,,,
7301604563,01/24/2024 11:08:19,01/24/2024 11:11:01,Buy,MNQH4,1,21362.5,Limit,21362.5,,Filled,,1:42:58,,,,
7301602831,01/24/2024 12:53:59,01/24/2024 12:53:59,Sell,MNQH4,1,21398.5,Market,21398.5,,Filled,0:07:06,,,,,
7301602832,01/24/2024 12:53:59,,Buy,MNQH4,1,,Stop,,21406.5,Cancelled,,,,,,
7301602833,01/24/2024 12:53:59,01/24/2024 13:01:05,Buy,MNQH4,1,21381,Limit,21381,,Filled,,0:54:47,,,,
7301605731,01/24/2024 13:55:52,01/24/2024 13:55:52,Buy,MNQH4,1,21389.25,Market,21389.25,,Filled,0:06:46,,revenge,,,
7301605732,01/24/2024 13:55:52,,Sell,MNQH4,1,,Stop,,21379.75,Cancelled,,,revenge,,,
7301605733,01/24/2024 13:55:52,01/24/2024 14:02:38,Sell,MNQH4,1,21404.75,Limit,21404.75,,Filled,,0:02:27,revenge,,,
7301604341,01/25/2024 7:30:00,01/25/2024 7:30:00,Buy,MNQH4,1,21430,Market,21430,,Filled,0:09:27,,,,,
7301604342,01/25/2024 7:30:00,,Sell,MNQH4,1,,Stop,,21425,Cancelled,,,,,,
7301604343,01/25/2024 7:30:00,01/25/2024 7:39:27,Sell,MNQH4,1,21442.5,Limit,21442.5,,Filled,,1:21:23,,,,
7301604461,01/25/2024 9:00:50,01/25/2024 9:00:50,Sell,MNQH4,1,21362.5,Market,21362.5,,Filled,0:04:36,,,,,
7301604462,01/25/2024 9:00:50,,Buy,MNQH4,1,,Stop,,21370.5,Cancelled,,,,,,
7301604463,01/25/2024 9:00:50,01/25/2024 9:05:26,Buy,MNQH4,1,21349,Limit,21349,,Filled,,1:20:14,,,,
7301603731,01/25/2024 10:25:40,01/25/2024 10:25:40,Sell,MNQH4,1,21392.25,Market,21392.25,,Filled,0:08:30,,,,,
7301603732,01/25/2024 10:25:40,01/25/2024 10:34:10,Buy,MNQH4,1,21412,Stop,,21412,Filled,,,,,,
7301603733,01/25/2024 10:25:40,,Buy,MNQH4,1,,Limit,21349.5,,Cancelled,,1:11:48,,,,
7301604671,01/25/2024 11:45:58,01/25/2024 11:45:58,Buy,MNQH4,1,21418.5,Market,21418.5,,Filled,0:03:57,,,,,
7301604672,01/25/2024 11:45:58,01/25/2024 11:49:55,Sell,MNQH4,1,21409,Stop,,21409,Filled,,,,,,
7301604673,01/25/2024 11:45:58,,Sell,MNQH4,1,,Limit,21439.25,,Cancelled,,0:43:20,,,,
7301603131,01/25/2024 12:33:15,01/25/2024 12:33:15,Buy,MNQH4,1,21374,Market,21374,,Filled,0:06:18,,,,,
7301603132,01/25/2024 12:33:15,,Sell,MNQH4,1,,Stop,,21365.5,Cancelled,,,,,,
7301603133,01/25/2024 12:33:15,01/25/2024 12:39:33,Sell,MNQH4,1,21388.5,Limit,21388.5,,Filled,,1:05:48,,,,
7301603321,01/26/2024 7:30:00,01/26/2024 7:30:00,Sell,MNQH4,1,21518.25,Market,21518.25,,Filled,0:02:16,,,,,
7301603322,01/26/2024 7:30:00,,Buy,MNQH4,1,,Stop,,21525.5,Cancelled,,,,,,
7301603323,01/26/2024 7:30:00,01/26/2024 7:32:16,Buy,MNQH4,1,21505.25,Limit,21505.25,,Filled,,1:32:49,,,,
7301605861,01/26/2024 9:05:05,01/26/2024 9:05:05,Sell,MNQH4,1,21490.75,Market,21490.75,,Filled,0:02:14,,,,outsized,
7301605862,01/26/2024 9:05:05,01/26/2024 9:07:19,Buy,MNQH4,1,21513.25,Stop,,21513.25,Filled,,,,,outsized,
7301605863,01/26/2024 9:05:05,,Buy,MNQH4,1,,Limit,21441.75,,Cancelled,,0:43:48,,,outsized,
7301604901,01/26/2024 9:51:07,01/26/2024 9:51:07,Sell,MNQH4,1,21379.75,Market,21379.75,,Filled,0:10:50,,,,,
7301604902,01/26/2024 9:51:07,,Buy,MNQH4,1,,Stop,,21391.75,Cancelled,,,,,,
7301604903,01/26/2024 9:51:07,01/26/2024 10:01:57,Buy,MNQH4,1,21360,Limit,21360,,Filled,,1:53:17,,,,
7301605461,01/26/2024 11:55:14,01/26/2024 11:55:14,Sell,MNQH4,1,21512,Market,21512,,Filled,0:03:16,,,,,
7301605462,01/26/2024 11:55:14,,Buy,MNQH4,1,,Stop,,21521,Cancelled,,,,,,
7301605463,01/26/2024 11:55:14,01/26/2024 11:58:30,Buy,MNQH4,1,21492.5,Limit,21492.5,,Filled,,0:47:50,,,,
7301605681,01/26/2024 12:46:20,01/26/2024 12:46:20,Sell,MNQH4,1,21368.5,Market,21368.5,,Filled,0:07:22,,revenge,,,
7301605682,01/26/2024 12:46:20,01/26/2024 12:53:42,Buy,MNQH4,1,21387,Stop,,21387,Filled,,,revenge,,,
7301605683,01/26/2024 12:46:20,,Buy,MNQH4,1,,Limit,21336.75,,Cancelled,,0:01:24,revenge,,,
7301604001,01/29/2024 7:30:00,01/29/2024 7:30:00,Sell,MNQH4,1,21460,Market,21460,,Filled,0:03:27,,,,,
7301604002,01/29/2024 7:30:00,01/29/2024 7:33:27,Buy,MNQH4,1,21474.5,Stop,,21474.5,Filled,,,,,,
7301604003,01/29/2024 7:30:00,,Buy,MNQH4,1,,Limit,21428.25,,Cancelled,,1:04:33,,,,
7301604401,01/29/2024 8:38:00,01/29/2024 8:38:00,Sell,MNQH4,1,21490.5,Market,21490.5,,Filled,0:00:07,,,,,
7301604402,01/29/2024 8:38:00,01/29/2024 8:38:07,Buy,MNQH4,1,21504.75,Stop,,21504.75,Filled,,,,,,
7301604403,01/29/2024 8:38:00,,Buy,MNQH4,1,,Limit,21471.75,,Cancelled,,0:42:49,,,,
7301605151,01/29/2024 9:20:56,01/29/2024 9:20:56,Sell,MNQH4,1,21405.25,Market,21405.25,,Filled,0:01:41,,,,,
7301605152,01/29/2024 9:20:56,,Buy,MNQH4,1,,Stop,,21417.25,Cancelled,,,,,,
7301605153,01/29/2024 9:20:56,01/29/2024 9:22:37,Buy,MNQH4,1,21387.5,Limit,21387.5,,Filled,,1:06:16,,,,
7301604991,01/29/2024 10:28:53,01/29/2024 10:28:53,Sell,MNQH4,1,21499,Market,21499,,Filled,0:02:47,,,,,
7301604992,01/29/2024 10:28:53,01/29/2024 10:31:40,Buy,MNQH4,1,21518.5,Stop,,21518.5,Filled,,,,,,
7301604993,01/29/2024 10:28:53,,Buy,MNQH4,1,,Limit,21459.5,,Cancelled,,1:49:51,,,,
7301603461,01/29/2024 12:21:31,01/29/2024 12:21:31,Buy,MNQH4,1,21485,Market,21485,,Filled,0:04:15,,,,,
7301603462,01/29/2024 12:21:31,,Sell,MNQH4,1,,Stop,,21470,Cancelled,,,,,,
7301603463,01/29/2024 12:21:31,01/29/2024 12:25:46,Sell,MNQH4,1,21507.75,Limit,21507.75,,Filled,,0:08:37,,,,
7301604601,01/30/2024 7:30:00,01/30/2024 7:30:00,Sell,MNQH4,1,21474,Market,21474,,Filled,0:01:40,,,,,
7301604602,01/30/2024 7:30:00,01/30/2024 7:31:40,Buy,MNQH4,1,21491.25,Stop,,21491.25,Filled,,,,,,
7301604603,01/30/2024 7:30:00,,Buy,MNQH4,1,,Limit,21447,,Cancelled,,0:12:32,,,,
7301602851,01/30/2024 7:44:12,01/30/2024 7:44:12,Buy,MNQH4,1,21382.5,Market,21382.5,,Filled,0:04:28,,,,,
7301602852,01/30/2024 7:44:12,01/30/2024 7:48:40,Sell,MNQH4,1,21373.5,Stop,,21373.5,Filled,,,,,,
7301602853,01/30/2024 7:44:12,,Sell,MNQH4,1,,Limit,21403.75,,Cancelled,,0:13:36,,,,
7301603691,01/30/2024 8:02:16,01/30/2024 8:02:16,Sell,MNQH4,1,21368,Market,21368,,Filled,0:05:39,,,,,
7301603692,01/30/2024 8:02:16,01/30/2024 8:07:55,Buy,MNQH4,1,21384.75,Stop,,21384.75,Filled,,,,,,
7301603693,01/30/2024 8:02:16,,Buy,MNQH4,1,,Limit,21340.25,,Cancelled,,1:29:35,,,,
7301603471,01/30/2024 9:37:30,01/30/2024 9:37:30,Buy,MNQH4,1,21441.25,Market,21441.25,,Filled,0:05:59,,,,,
7301603472,01/30/2024 9:37:30,,Sell,MNQH4,1,,Stop,,21433.75,Cancelled,,,,,,
7301603473,01/30/2024 9:37:30,01/30/2024 9:43:29,Sell,MNQH4,1,21460,Limit,21460,,Filled,,0:41:46,,,,
7301604101,01/30/2024 10:25:15,01/30/2024 10:25:15,Sell,MNQH4,1,21377.75,Market,21377.75,,Filled,0:00:24,,,,,
7301604102,01/30/2024 10:25:15,,Buy,MNQH4,1,,Stop,,21390,Cancelled,,,,,,
7301604103,01/30/2024 10:25:15,01/30/2024 10:25:39,Buy,MNQH4,1,21360.25,Limit,21360.25,,Filled,,0:39:57,,,,
7301604351,01/31/2024 7:30:00,01/31/2024 7:30:00,Buy,MNQH4,1,21458,Market,21458,,Filled,0:07:33,,,,,
7301604352,01/31/2024 7:30:00,01/31/2024 7:37:33,Sell,MNQH4,1,21446,Stop,,21446,Filled,,,,,,
7301604353,01/31/2024 7:30:00,,Sell,MNQH4,1,,Limit,21486.75,,Cancelled,,0:59:26,,,,
7301605881,01/31/2024 8:36:59,01/31/2024 8:36:59,Sell,MNQH4,1,21427.75,Market,21427.75,,Filled,0:07:29,,,,outsized,
7301605882,01/31/2024 8:36:59,01/31/2024 8:44:28,Buy,MNQH4,1,21450,Stop,,21450,Filled,,,,,outsized,
7301605883,01/31/2024 8:36:59,,Buy,MNQH4,1,,Limit,21378,,Cancelled,,0:30:15,,,outsized,
7301605041,01/31/2024 9:14:43,01/31/2024 9:14:43,Sell,MNQH4,1,21434.25,Market,21434.25,,Filled,0:02:39,,,,,
7301605042,01/31/2024 9:14:43,,Buy,MNQH4,1,,Stop,,21443,Cancelled,,,,,,
7301605043,01/31/2024 9:14:43,01/31/2024 9:17:22,Buy,MNQH4,1,21419,Limit,21419,,Filled,,0:31:13,,,,
7301604131,01/31/2024 9:48:35,01/31/2024 9:48:35,Buy,MNQH4,1,21359.25,Market,21359.25,,Filled,0:05:56,,,,,
7301604132,01/31/2024 9:48:35,01/31/2024 9:54:31,Sell,MNQH4,1,21349,Stop,,21349,Filled,,,,,,
7301604133,01/31/2024 9:48:35,,Sell,MNQH4,1,,Limit,21380.25,,Cancelled,,0:23:56,,,,
7301603001,01/31/2024 10:18:27,01/31/2024 10:18:27,Buy,MNQH4,1,21508.25,Market,21508.25,,Filled,0:03:07,,,,,
7301603002,01/31/2024 10:18:27,01/31/2024 10:21:34,Sell,MNQH4,1,21497.5,Stop,,21497.5,Filled,,,,,,
7301603003,01/31/2024 10:18:27,,Sell,MNQH4,1,,Limit,21523,,Cancelled,,0:34:58,,,,
7301604631,02/01/2024 7:30:00,02/01/2024 7:30:00,Sell,MNQH4,1,21363.25,Market,21363.25,,Filled,0:07:41,,,,,
7301604632,02/01/2024 7:30:00,02/01/2024 7:37:41,Buy,MNQH4,1,21378.25,Stop,,21378.25,Filled,,,,,,
7301604633,02/01/2024 7:30:00,,Buy,MNQH4,1,,Limit,21340.75,,Cancelled,,0:23:18,,,,
7301604981,02/01/2024 8:00:59,02/01/2024 8:00:59,Buy,MNQH4,1,21421.25,Market,21421.25,,Filled,0:06:55,,,,,
7301604982,02/01/2024 8:00:59,02/01/2024 8:07:54,Sell,MNQH4,1,21403,Stop,,21403,Filled,,,,,,
7301604983,02/01/2024 8:00:59,,Sell,MNQH4,1,,Limit,21464.5,,Cancelled,,0:13:20,,,,
7301605621,02/01/2024 8:21:14,02/01/2024 8:21:14,Buy,MNQH4,1,21472.5,Market,21472.5,,Filled,0:11:11,,revenge,,,
7301605622,02/01/2024 8:21:14,02/01/2024 8:32:25,Sell,MNQH4,1,21458.5,Stop,,21458.5,Filled,,,revenge,,,
7301605623,02/01/2024 8:21:14,,Sell,MNQH4,1,,Limit,21493.5,,Cancelled,,0:01:08,revenge,,,
7301605121,02/01/2024 8:33:33,02/01/2024 8:33:33,Buy,MNQH4,1,21443.25,Market,21443.25,,Filled,0:01:32,,,,,
7301605122,02/01/2024 8:33:33,02/01/2024 8:35:05,Sell,MNQH4,1,21427.75,Stop,,21427.75,Filled,,,,,,
7301605123,02/01/2024 8:33:33,,Sell,MNQH4,1,,Limit,21466,,Cancelled,,1:47:36,,,,
7301603591,02/01/2024 10:22:41,02/01/2024 10:22:41,Sell,MNQH4,1,21371,Market,21371,,Filled,0:07:25,,,,,
7301603592,02/01/2024 10:22:41,,Buy,MNQH4,1,,Stop,,21381,Cancelled,,,,,,
7301603593,02/01/2024 10:22:41,02/01/2024 10:30:06,Buy,MNQH4,1,21350.25,Limit,21350.25,,Filled,,1:53:39,,,,
7301603771,02/02/2024 7:30:00,02/02/2024 7:30:00,Sell,MNQH4,1,21527.5,Market,21527.5,,Filled,0:06:00,,,,,
7301603772,02/02/2024 7:30:00,02/02/2024 7:36:00,Buy,MNQH4,1,21537,Stop,,21537,Filled,,,,,,
7301603773,02/02/2024 7:30:00,,Buy,MNQH4,1,,Limit,21514.5,,Cancelled,,0:57:11,,,,
7301602941,02/02/2024 8:33:11,02/02/2024 8:33:11,Buy,MNQH4,1,21454.5,Market,21454.5,,Filled,0:11:07,,,,,
7301602942,02/02/2024 8:33:11,02/02/2024 8:44:18,Sell,MNQH4,1,21438.5,Stop,,21438.5,Filled,,,,,,
7301602943,02/02/2024 8:33:11,,Sell,MNQH4,1,,Limit,21486.75,,Cancelled,,1:40:30,,,,
7301605891,02/02/2024 10:24:48,02/02/2024 10:24:48,Sell,MNQH4,1,21405.5,Market,21405.5,,Filled,0:00:10,,,,outsized,
7301605892,02/02/2024 10:24:48,02/02/2024 10:24:58,Buy,MNQH4,1,21427.25,Stop,,21427.25,Filled,,,,,outsized,
7301605893,02/02/2024 10:24:48,,Buy,MNQH4,1,,Limit,21373.5,,Cancelled,,1:00:42,,,outsized,
7301603061,02/02/2024 11:25:40,02/02/2024 11:25:40,Sell,MNQH4,1,21360.75,Market,21360.75,,Filled,0:05:38,,,,,
7301603062,02/02/2024 11:25:40,,Buy,MNQH4,1,,Stop,,21367.5,Cancelled,,,,,,
7301603063,02/02/2024 11:25:40,02/02/2024 11:31:18,Buy,MNQH4,1,21348,Limit,21348,,Filled,,0:41:52,,,,
7301604321,02/02/2024 12:13:10,02/02/2024 12:13:10,Sell,MNQH4,1,21486.5,Market,21486.5,,Filled,0:05:28,,,,,
7301604322,02/02/2024 12:13:10,02/02/2024 12:18:38,Buy,MNQH4,1,21504.25,Stop,,21504.25,Filled,,,,,,
7301604323,02/02/2024 12:13:10,,Buy,MNQH4,1,,Limit,21453.25,,Cancelled,,0:17:54,,,,
7301603261,02/05/2024 7:30:00,02/05/2024 7:30:00,Sell,MNQH4,1,21417.75,Market,21417.75,,Filled,0:08:29,,,,,
7301603262,02/05/2024 7:30:00,02/05/2024 7:38:29,Buy,MNQH4,1,21431.75,Stop,,21431.75,Filled,,,,,,
7301603263,02/05/2024 7:30:00,,Buy,MNQH4,1,,Limit,21400.25,,Cancelled,,1:20:03,,,,
7301602971,02/05/2024 8:58:32,02/05/2024 8:58:32,Buy,MNQH4,1,21423.75,Market,21423.75,,Filled,0:03:45,,,,,
7301602972,02/05/2024 8:58:32,02/05/2024 9:02:17,Sell,MNQH4,1,21406.25,Stop,,21406.25,Filled,,,,,,
7301602973,02/05/2024 8:58:32,,Sell,MNQH4,1,,Limit,21451.75,,Cancelled,,1:47:13,,,,
7301603311,02/05/2024 10:49:30,02/05/2024 10:49:30,Sell,MNQH4,1,21519.25,Market,21519.25,,Filled,0:08:13,,,,,
7301603312,02/05/2024 10:49:30,,Buy,MNQH4,1,,Stop,,21530.25,Cancelled,,,,,,
7301603313,02/05/2024 10:49:30,02/05/2024 10:57:43,Buy,MNQH4,1,21503,Limit,21503,,Filled,,0:13:44,,,,
7301603741,02/05/2024 11:11:27,02/05/2024 11:11:27,Buy,MNQH4,1,21519.5,Market,21519.5,,Filled,0:05:06,,,,,
7301603742,02/05/2024 11:11:27,,Sell,MNQH4,1,,Stop,,21510.75,Cancelled,,,,,,
7301603743,02/05/2024 11:11:27,02/05/2024 11:16:33,Sell,MNQH4,1,21537.25,Limit,21537.25,,Filled,,1:28:05,,,,
7301605821,02/05/2024 12:44:38,02/05/2024 12:44:38,Sell,MNQH4,1,21453,Market,21453,,Filled,0:10:55,,,excessive,,
7301605822,02/05/2024 12:44:38,02/05/2024 12:55:33,Buy,MNQH4,1,21470.25,Stop,,21470.25,Filled,,,,excessive,,
7301605823,02/05/2024 12:44:38,,Buy,MNQH4,1,,Limit,21413.75,,Cancelled,,1:20:09,,excessive,,
7301605451,02/06/2024 7:30:00,02/06/2024 7:30:00,Buy,MNQH4,1,21357,Market,21357,,Filled,0:01:03,,,,,
7301605452,02/06/2024 7:30:00,02/06/2024 7:31:03,Sell,MNQH4,1,21348.75,Stop,,21348.75,Filled,,,,,,
7301605453,02/06/2024 7:30:00,,Sell,MNQH4,1,,Limit,21375.75,,Cancelled,,1:41:54,,,,
7301604881,02/06/2024 9:12:57,02/06/2024 9:12:57,Sell,MNQH4,1,21471.75,Market,21471.75,,Filled,0:05:17,,,,,
7301604882,02/06/2024 9:12:57,,Buy,MNQH4,1,,Stop,,21482.75,Cancelled,,,,,,
7301604883,02/06/2024 9:12:57,02/06/2024 9:18:14,Buy,MNQH4,1,21450.5,Limit,21450.5,,Filled,,1:41:12,,,,
7301605641,02/06/2024 10:59:26,02/06/2024 10:59:26,Buy,MNQH4,1,21396.25,Market,21396.25,,Filled,0:05:50,,revenge,,,
7301605642,02/06/2024 10:59:26,02/06/2024 11:05:16,Sell,MNQH4,1,21382.5,Stop,,21382.5,Filled,,,revenge,,,
7301605643,02/06/2024 10:59:26,,Sell,MNQH4,1,,Limit,21418,,Cancelled,,0:02:58,revenge,,,
7301603041,02/06/2024 11:08:14,02/06/2024 11:08:14,Buy,MNQH4,1,21401.75,Market,21401.75,,Filled,0:01:41,,,,,
7301603042,02/06/2024 11:08:14,02/06/2024 11:09:55,Sell,MNQH4,1,21393.25,Stop,,21393.25,Filled,,,,,,
7301603043,02/06/2024 11:08:14,,Sell,MNQH4,1,,Limit,21423,,Cancelled,,0:47:13,,,,
7301602871,02/06/2024 11:57:08,02/06/2024 11:57:08,Sell,MNQH4,1,21385.25,Market,21385.25,,Filled,0:10:15,,,,,
7301602872,02/06/2024 11:57:08,02/06/2024 12:07:23,Buy,MNQH4,1,21395,Stop,,21395,Filled,,,,,,
7301602873,02/06/2024 11:57:08,,Buy,MNQH4,1,,Limit,21369.75,,Cancelled,,1:08:49,,,,
7301603681,02/07/2024 7:30:00,02/07/2024 7:30:00,Buy,MNQH4,1,21393,Market,21393,,Filled,0:01:17,,,,,
7301603682,02/07/2024 7:30:00,,Sell,MNQH4,1,,Stop,,21383,Cancelled,,,,,,
7301603683,02/07/2024 7:30:00,02/07/2024 7:31:17,Sell,MNQH4,1,21411.25,Limit,21411.25,,Filled,,1:41:45,,,,
7301603991,02/07/2024 9:13:02,02/07/2024 9:13:02,Buy,MNQH4,1,21438.5,Market,21438.5,,Filled,0:00:45,,,,,
7301603992,02/07/2024 9:13:02,,Sell,MNQH4,1,,Stop,,21425,Cancelled,,,,,,
7301603993,02/07/2024 9:13:02,02/07/2024 9:13:47,Sell,MNQH4,1,21458.25,Limit,21458.25,,Filled,,0:28:00,,,,
7301603831,02/07/2024 9:41:47,02/07/2024 9:41:47,Buy,MNQH4,1,21482,Market,21482,,Filled,0:01:11,,,,,
7301603832,02/07/2024 9:41:47,02/07/2024 9:42:58,Sell,MNQH4,1,21462.5,Stop,,21462.5,Filled,,,,,,
7301603833,02/07/2024 9:41:47,,Sell,MNQH4,1,,Limit,21510.75,,Cancelled,,1:56:42,,,,
7301603751,02/07/2024 11:39:40,02/07/2024 11:39:40,Sell,MNQH4,1,21368.25,Market,21368.25,,Filled,0:02:55,,,,,
7301603752,02/07/2024 11:39:40,02/07/2024 11:42:35,Buy,MNQH4,1,21380.25,Stop,,21380.25,Filled,,,,,,
7301603753,02/07/2024 11:39:40,,Buy,MNQH4,1,,Limit,21343.75,,Cancelled,,0:20:54,,,,
7301605191,02/07/2024 12:03:29,02/07/2024 12:03:29,Buy,MNQH4,1,21466.25,Market,21466.25,,Filled,0:02:11,,,,,
7301605192,02/07/2024 12:03:29,,Sell,MNQH4,1,,Stop,,21454,Cancelled,,,,,,
7301605193,02/07/2024 12:03:29,02/07/2024 12:05:40,Sell,MNQH4,1,21484.25,Limit,21484.25,,Filled,,0:21:12,,,,
7301604391,02/08/2024 7:30:00,02/08/2024 7:30:00,Buy,MNQH4,1,21394.75,Market,21394.75,,Filled,0:08:56,,,,,
7301604392,02/08/2024 7:30:00,02/08/2024 7:38:56,Sell,MNQH4,1,21376,Stop,,21376,Filled,,,,,,
7301604393,02/08/2024 7:30:00,,Sell,MNQH4,1,,Limit,21425.5,,Cancelled,,1:55:36,,,,
7301605901,02/08/2024 9:34:32,02/08/2024 9:34:32,Sell,MNQH4,1,21482.25,Market,21482.25,,Filled,0:04:29,,,,outsized,
7301605902,02/08/2024 9:34:32,02/08/2024 9:39:01,Buy,MNQH4,1,21503.25,Stop,,21503.25,Filled,,,,,outsized,
7301605903,02/08/2024 9:34:32,,Buy,MNQH4,1,,Limit,21436.5,,Cancelled,,0:13:05,,,outsized,
7301605331,02/08/2024 9:52:06,02/08/2024 9:52:06,Buy,MNQH4,1,21356.25,Market,21356.25,,Filled,0:03:13,,,,,
7301605332,02/08/2024 9:52:06,,Sell,MNQH4,1,,Stop,,21347.25,Cancelled,,,,,,
7301605333,02/08/2024 9:52:06,02/08/2024 9:55:19,Sell,MNQH4,1,21375.75,Limit,21375.75,,Filled,,0:14:02,,,,
7301604851,02/08/2024 10:09:21,02/08/2024 10:09:21,Sell,MNQH4,1,21448.5,Market,21448.5,,Filled,0:02:02,,,,,
7301604852,02/08/2024 10:09:21,,Buy,MNQH4,1,,Stop,,21459.75,Cancelled,,,,,,
7301604853,02/08/2024 10:09:21,02/08/2024 10:11:23,Buy,MNQH4,1,21427.5,Limit,21427.5,,Filled,,0:37:57,,,,
7301604581,02/08/2024 10:49:20,02/08/2024 10:49:20,Sell,MNQH4,1,21356.5,Market,21356.5,,Filled,0:02:37,,,,,
7301604582,02/08/2024 10:49:20,,Buy,MNQH4,1,,Stop,,21363,Cancelled,,,,,,
7301604583,02/08/2024 10:49:20,02/08/2024 10:51:57,Buy,MNQH4,1,21341.5,Limit,21341.5,,Filled,,0:07:43,,,,
7301605711,02/09/2024 7:30:00,02/09/2024 7:30:00,Sell,MNQH4,1,21357.5,Market,21357.5,,Filled,0:07:37,,revenge,,,
7301605712,02/09/2024 7:30:00,,Buy,MNQH4,1,,Stop,,21369.75,Cancelled,,,revenge,,,
7301605713,02/09/2024 7:30:00,02/09/2024 7:37:37,Buy,MNQH4,1,21339,Limit,21339,,Filled,,0:03:14,revenge,,,
7301604761,02/09/2024 7:40:51,02/09/2024 7:40:51,Buy,MNQH4,1,21493.25,Market,21493.25,,Filled,0:01:40,,,,,
7301604762,02/09/2024 7:40:51,,Sell,MNQH4,1,,Stop,,21481,Cancelled,,,,,,
7301604763,02/09/2024 7:40:51,02/09/2024 7:42:31,Sell,MNQH4,1,21512.25,Limit,21512.25,,Filled,,0:32:21,,,,
7301603411,02/09/2024 8:14:52,02/09/2024 8:14:52,Buy,MNQH4,1,21486,Market,21486,,Filled,0:00:10,,,,,
7301603412,02/09/2024 8:14:52,02/09/2024 8:15:02,Sell,MNQH4,1,21467,Stop,,21467,Filled,,,,,,
7301603413,02/09/2024 8:14:52,,Sell,MNQH4,1,,Limit,21519.25,,Cancelled,,1:57:14,,,,
7301602801,02/09/2024 10:12:16,02/09/2024 10:12:16,Sell,MNQH4,1,21363,Market,21363,,Filled,0:07:24,,,,,
7301602802,02/09/2024 10:12:16,02/09/2024 10:19:40,Buy,MNQH4,1,21379.25,Stop,,21379.25,Filled,,,,,,
7301602803,02/09/2024 10:12:16,,Buy,MNQH4,1,,Limit,21334.5,,Cancelled,,1:05:32,,,,
7301605581,02/09/2024 11:25:12,02/09/2024 11:25:12,Sell,MNQH4,1,21428.75,Market,21428.75,,Filled,0:04:48,,revenge,,,
7301605582,02/09/2024 11:25:12,02/09/2024 11:30:00,Buy,MNQH4,1,21441.25,Stop,,21441.25,Filled,,,revenge,,,
7301605583,02/09/2024 11:25:12,,Buy,MNQH4,1,,Limit,21402.5,,Cancelled,,0:04:17,revenge,,,
7301603961,02/12/2024 7:30:00,02/12/2024 7:30:00,Buy,MNQH4,1,21363,Market,21363,,Filled,0:00:48,,,,,
7301603962,02/12/2024 7:30:00,02/12/2024 7:30:48,Sell,MNQH4,1,21350.75,Stop,,21350.75,Filled,,,,,,
7301603963,02/12/2024 7:30:00,,Sell,MNQH4,1,,Limit,21391.75,,Cancelled,,1:36:33,,,,
7301605021,02/12/2024 9:07:21,02/12/2024 9:07:21,Sell,MNQH4,1,21396.5,Market,21396.5,,Filled,0:07:39,,,,,
7301605022,02/12/2024 9:07:21,02/12/2024 9:15:00,Buy,MNQH4,1,21407.5,Stop,,21407.5,Filled,,,,,,
7301605023,02/12/2024 9:07:21,,Buy,MNQH4,1,,Limit,21375.25,,Cancelled,,1:36:02,,,,
7301604931,02/12/2024 10:51:02,02/12/2024 10:51:02,Sell,MNQH4,1,21441.5,Market,21441.5,,Filled,0:07:53,,,,,
7301604932,02/12/2024 10:51:02,,Buy,MNQH4,1,,Stop,,21452,Cancelled,,,,,,
7301604933,02/12/2024 10:51:02,02/12/2024 10:58:55,Buy,MNQH4,1,21424,Limit,21424,,Filled,,0:28:52,,,,
7301603821,02/12/2024 11:27:47,02/12/2024 11:27:47,Buy,MNQH4,1,21461.25,Market,21461.25,,Filled,0:04:55,,,,,
7301603822,02/12/2024 11:27:47,,Sell,MNQH4,1,,Stop,,21450.25,Cancelled,,,,,,
7301603823,02/12/2024 11:27:47,02/12/2024 11:32:42,Sell,MNQH4,1,21482.75,Limit,21482.75,,Filled,,0:35:46,,,,
7301603051,02/12/2024 12:08:28,02/12/2024 12:08:28,Buy,MNQH4,1,21506,Market,21506,,Filled,0:06:44,,,,,
7301603052,02/12/2024 12:08:28,02/12/2024 12:15:12,Sell,MNQH4,1,21496.5,Stop,,21496.5,Filled,,,,,,
7301603053,02/12/2024 12:08:28,,Sell,MNQH4,1,,Limit,21525.75,,Cancelled,,1:04:00,,,,
7301605381,02/13/2024 7:30:00,02/13/2024 7:30:00,Buy,MNQH4,1,21499.5,Market,21499.5,,Filled,0:02:09,,,,,
7301605382,02/13/2024 7:30:00,02/13/2024 7:32:09,Sell,MNQH4,1,21482,Stop,,21482,Filled,,,,,,
7301605383,02/13/2024 7:30:00,,Sell,MNQH4,1,,Limit,21535.5,,Cancelled,,1:48:10,,,,
7301603161,02/13/2024 9:20:19,02/13/2024 9:20:19,Buy,MNQH4,1,21505.5,Market,21505.5,,Filled,0:05:26,,,,,
7301603162,02/13/2024 9:20:19,,Sell,MNQH4,1,,Stop,,21499.25,Cancelled,,,,,,
7301603163,02/13/2024 9:20:19,02/13/2024 9:25:45,Sell,MNQH4,1,21521,Limit,21521,,Filled,,0:17:45,,,,
7301604441,02/13/2024 9:43:30,02/13/2024 9:43:30,Buy,MNQH4,1,21375.75,Market,21375.75,,Filled,0:07:12,,,,,
7301604442,02/13/2024 9:43:30,02/13/2024 9:50:42,Sell,MNQH4,1,21358.75,Stop,,21358.75,Filled,,,,,,
7301604443,02/13/2024 9:43:30,,Sell,MNQH4,1,,Limit,21414.75,,Cancelled,,1:56:22,,,,
7301603401,02/13/2024 11:47:04,02/13/2024 11:47:04,Sell,MNQH4,1,21403.25,Market,21403.25,,Filled,0:02:51,,,,,
7301603402,02/13/2024 11:47:04,,Buy,MNQH4,1,,Stop,,21411.5,Cancelled,,,,,,
7301603403,02/13/2024 11:47:04,02/13/2024 11:49:55,Buy,MNQH4,1,21386.5,Limit,21386.5,,Filled,,1:48:58,,,,
7301604891,02/13/2024 13:38:53,02/13/2024 13:38:53,Sell,MNQH4,1,21481.75,Market,21481.75,,Filled,0:10:03,,,,,
7301604892,02/13/2024 13:38:53,02/13/2024 13:48:56,Buy,MNQH4,1,21501.25,Stop,,21501.25,Filled,,,,,,
7301604893,02/13/2024 13:38:53,,Buy,MNQH4,1,,Limit,21441.75,,Cancelled,,0:17:47,,,,
7301605811,02/14/2024 7:30:00,02/14/2024 7:30:00,Sell,MNQH4,1,21385.25,Market,21385.25,,Filled,0:01:55,,,excessive,,
7301605812,02/14/2024 7:30:00,,Buy,MNQH4,1,,Stop,,21405,Cancelled,,,,excessive,,
7301605813,02/14/2024 7:30:00,02/14/2024 7:31:55,Buy,MNQH4,1,21366.75,Limit,21366.75,,Filled,,1:45:28,,excessive,,
7301605911,02/14/2024 9:17:23,02/14/2024 9:17:23,Buy,MNQH4,1,21465,Market,21465,,Filled,0:05:13,,,,outsized,
7301605912,02/14/2024 9:17:23,02/14/2024 9:22:36,Sell,MNQH4,1,21442.75,Stop,,21442.75,Filled,,,,,outsized,
7301605913,02/14/2024 9:17:23,,Sell,MNQH4,1,,Limit,21504.5,,Cancelled,,0:32:06,,,outsized,
7301604771,02/14/2024 9:54:42,02/14/2024 9:54:42,Buy,MNQH4,1,21457.25,Market,21457.25,,Filled,0:11:14,,,,,
7301604772,02/14/2024 9:54:42,02/14/2024 10:05:56,Sell,MNQH4,1,21445.75,Stop,,21445.75,Filled,,,,,,
7301604773,02/14/2024 9:54:42,,Sell,MNQH4,1,,Limit,21476.75,,Cancelled,,0:45:00,,,,
7301604281,02/14/2024 10:50:56,02/14/2024 10:50:56,Sell,MNQH4,1,21490,Market,21490,,Filled,0:00:50,,,,,
7301604282,02/14/2024 10:50:56,,Buy,MNQH4,1,,Stop,,21500.5,Cancelled,,,,,,
7301604283,02/14/2024 10:50:56,02/14/2024 10:51:46,Buy,MNQH4,1,21471,Limit,21471,,Filled,,0:45:17,,,,
7301603451,02/14/2024 11:37:03,02/14/2024 11:37:03,Buy,MNQH4,1,21435.5,Market,21435.5,,Filled,0:09:51,,,,,
7301603452,02/14/2024 11:37:03,02/14/2024 11:46:54,Sell,MNQH4,1,21420.5,Stop,,21420.5,Filled,,,,,,
7301603453,02/14/2024 11:37:03,,Sell,MNQH4,1,,Limit,21469.75,,Cancelled,,0:07:52,,,,
7301604651,02/15/2024 7:30:00,02/15/2024 7:30:00,Sell,MNQH4,1,21385.25,Market,21385.25,,Filled,0:09:32,,,,,
7301604652,02/15/2024 7:30:00,,Buy,MNQH4,1,,Stop,,21398.5,Cancelled,,,,,,
7301604653,02/15/2024 7:30:00,02/15/2024 7:39:32,Buy,MNQH4,1,21363,Limit,21363,,Filled,,0:49:07,,,,
7301605491,02/15/2024 8:28:39,02/15/2024 8:28:39,Sell,MNQH4,1,21450.25,Market,21450.25,,Filled,0:10:54,,,,,
7301605492,02/15/2024 8:28:39,,Buy,MNQH4,1,,Stop,,21460,Cancelled,,,,,,
7301605493,02/15/2024 8:28:39,02/15/2024 8:39:33,Buy,MNQH4,1,21429,Limit,21429,,Filled,,1:47:40,,,,
7301605031,02/15/2024 10:27:13,02/15/2024 10:27:13,Buy,MNQH4,1,21402.25,Market,21402.25,,Filled,0:04:27,,,,,
7301605032,02/15/2024 10:27:13,,Sell,MNQH4,1,,Stop,,21391.5,Cancelled,,,,,,
7301605033,02/15/2024 10:27:13,02/15/2024 10:31:40,Sell,MNQH4,1,21420.75,Limit,21420.75,,Filled,,0:13:40,,,,
7301603271,02/15/2024 10:45:20,02/15/2024 10:45:20,Sell,MNQH4,1,21507.25,Market,21507.25,,Filled,0:07:56,,,,,
7301603272,02/15/2024 10:45:20,02/15/2024 10:53:16,Buy,MNQH4,1,21526.25,Stop,,21526.25,Filled,,,,,,
7301603273,02/15/2024 10:45:20,,Buy,MNQH4,1,,Limit,21472.5,,Cancelled,,1:51:23,,,,
7301604011,02/15/2024 12:44:39,02/15/2024 12:44:39,Sell,MNQH4,1,21514.75,Market,21514.75,,Filled,0:07:32,,,,,
7301604012,02/15/2024 12:44:39,02/15/2024 12:52:11,Buy,MNQH4,1,21527.75,Stop,,21527.75,Filled,,,,,,
7301604013,02/15/2024 12:44:39,,Buy,MNQH4,1,,Limit,21497.25,,Cancelled,,0:48:44,,,,
7301603511,02/16/2024 7:30:00,02/16/2024 7:30:00,Sell,MNQH4,1,21452.75,Market,21452.75,,Filled,0:10:46,,,,,
7301603512,02/16/2024 7:30:00,,Buy,MNQH4,1,,Stop,,21461.5,Cancelled,,,,,,
7301603513,02/16/2024 7:30:00,02/16/2024 7:40:46,Buy,MNQH4,1,21436.75,Limit,21436.75,,Filled,,0:05:22,,,,
7301605561,02/16/2024 7:46:08,02/16/2024 7:46:08,Sell,MNQH4,1,21471.25,Market,21471.25,,Filled,0:00:57,,revenge,,,
7301605562,02/16/2024 7:46:08,,Buy,MNQH4,1,,Stop,,21482.75,Cancelled,,,revenge,,,
7301605563,02/16/2024 7:46:08,02/16/2024 7:47:05,Buy,MNQH4,1,21450.5,Limit,21450.5,,Filled,,0:04:09,revenge,,,
7301605061,02/16/2024 7:51:14,02/16/2024 7:51:14,Buy,MNQH4,1,21420.75,Market,21420.75,,Filled,0:01:00,,,,,
7301605062,02/16/2024 7:51:14,02/16/2024 7:52:14,Sell,MNQH4,1,21412.75,Stop,,21412.75,Filled,,,,,,
7301605063,02/16/2024 7:51:14,,Sell,MNQH4,1,,Limit,21432.75,,Cancelled,,0:48:59,,,,
7301605141,02/16/2024 8:41:13,02/16/2024 8:41:13,Sell,MNQH4,1,21370.5,Market,21370.5,,Filled,0:07:32,,,,,
7301605142,02/16/2024 8:41:13,,Buy,MNQH4,1,,Stop,,21381.5,Cancelled,,,,,,
7301605143,02/16/2024 8:41:13,02/16/2024 8:48:45,Buy,MNQH4,1,21354.75,Limit,21354.75,,Filled,,0:28:14,,,,
7301605551,02/16/2024 9:16:59,02/16/2024 9:16:59,Sell,MNQH4,1,21486.75,Market,21486.75,,Filled,0:00:44,,revenge,,,
7301605552,02/16/2024 9:16:59,02/16/2024 9:17:43,Buy,MNQH4,1,21499,Stop,,21499,Filled,,,revenge,,,
7301605553,02/16/2024 9:16:59,,Buy,MNQH4,1,,Limit,21457.5,,Cancelled,,0:04:11,revenge,,,
7301604161,02/19/2024 7:30:00,02/19/2024 7:30:00,Buy,MNQH4,1,21422,Market,21422,,Filled,0:01:15,,,,,
7301604162,02/19/2024 7:30:00,02/19/2024 7:31:15,Sell,MNQH4,1,21406.75,Stop,,21406.75,Filled,,,,,,
7301604163,02/19/2024 7:30:00,,Sell,MNQH4,1,,Limit,21441.5,,Cancelled,,1:21:17,,,,
7301603111,02/19/2024 8:52:32,02/19/2024 8:52:32,Buy,MNQH4,1,21398.25,Market,21398.25,,Filled,0:00:44,,,,,
7301603112,02/19/2024 8:52:32,,Sell,MNQH4,1,,Stop,,21382.25,Cancelled,,,,,,
7301603113,02/19/2024 8:52:32,02/19/2024 8:53:16,Sell,MNQH4,1,21421.25,Limit,21421.25,,Filled,,1:33:20,,,,
7301604531,02/19/2024 10:26:36,02/19/2024 10:26:36,Buy,MNQH4,1,21403.25,Market,21403.25,,Filled,0:07:37,,,,,
7301604532,02/19/2024 10:26:36,02/19/2024 10:34:13,Sell,MNQH4,1,21384,Stop,,21384,Filled,,,,,,
7301604533,02/19/2024 10:26:36,,Sell,MNQH4,1,,Limit,21440.25,,Cancelled,,0:54:52,,,,
7301605071,02/19/2024 11:29:05,02/19/2024 11:29:05,Buy,MNQH4,1,21410.75,Market,21410.75,,Filled,0:04:01,,,,,
7301605072,02/19/2024 11:29:05,,Sell,MNQH4,1,,Stop,,21404.75,Cancelled,,,,,,
7301605073,02/19/2024 11:29:05,02/19/2024 11:33:06,Sell,MNQH4,1,21423.25,Limit,21423.25,,Filled,,1:56:26,,,,
7301604071,02/19/2024 13:29:32,02/19/2024 13:29:32,Buy,MNQH4,1,21452.75,Market,21452.75,,Filled,0:06:19,,,,,
7301604072,02/19/2024 13:29:32,02/19/2024 13:35:51,Sell,MNQH4,1,21441.75,Stop,,21441.75,Filled,,,,,,
7301604073,02/19/2024 13:29:32,,Sell,MNQH4,1,,Limit,21469.75,,Cancelled,,1:17:20,,,,
7301605341,02/20/2024 7:30:00,02/20/2024 7:30:00,Sell,MNQH4,1,21350,Market,21350,,Filled,0:02:01,,,,,
7301605342,02/20/2024 7:30:00,,Buy,MNQH4,1,,Stop,,21359.75,Cancelled,,,,,,
7301605343,02/20/2024 7:30:00,02/20/2024 7:32:01,Buy,MNQH4,1,21333.25,Limit,21333.25,,Filled,,1:14:19,,,,
7301603011,02/20/2024 8:46:20,02/20/2024 8:46:20,Buy,MNQH4,1,21463,Market,21463,,Filled,0:06:05,,,,,
7301603012,02/20/2024 8:46:20,,Sell,MNQH4,1,,Stop,,21453.75,Cancelled,,,,,,
7301603013,02/20/2024 8:46:20,02/20/2024 8:52:25,Sell,MNQH4,1,21483,Limit,21483,,Filled,,1:10:59,,,,
7301603631,02/20/2024 10:03:24,02/20/2024 10:03:24,Sell,MNQH4,1,21391.75,Market,21391.75,,Filled,0:05:13,,,,,
7301603632,02/20/2024 10:03:24,02/20/2024 10:08:37,Buy,MNQH4,1,21404.5,Stop,,21404.5,Filled,,,,,,
7301603633,02/20/2024 10:03:24,,Buy,MNQH4,1,,Limit,21365.5,,Cancelled,,0:38:32,,,,
7301603491,02/20/2024 10:47:09,02/20/2024 10:47:09,Buy,MNQH4,1,21441.5,Market,21441.5,,Filled,0:05:50,,,,,
7301603492,02/20/2024 10:47:09,,Sell,MNQH4,1,,Stop,,21435.75,Cancelled,,,,,,
7301603493,02/20/2024 10:47:09,02/20/2024 10:52:59,Sell,MNQH4,1,21455.5,Limit,21455.5,,Filled,,1:26:17,,,,
7301605401,02/20/2024 12:19:16,02/20/2024 12:19:16,Buy,MNQH4,1,21494,Market,21494,,Filled,0:05:46,,,,,
7301605402,02/20/2024 12:19:16,,Sell,MNQH4,1,,Stop,,21488,Cancelled,,,,,,
7301605403,02/20/2024 12:19:16,02/20/2024 12:25:02,Sell,MNQH4,1,21508,Limit,21508,,Filled,,1:06:27,,,,
7301605131,02/21/2024 7:30:00,02/21/2024 7:30:00,Sell,MNQH4,1,21375.25,Market,21375.25,,Filled,0:06:59,,,,,
7301605132,02/21/2024 7:30:00,02/21/2024 7:36:59,Buy,MNQH4,1,21388.25,Stop,,21388.25,Filled,,,,,,
7301605133,02/21/2024 7:30:00,,Buy,MNQH4,1,,Limit,21357.75,,Cancelled,,1:36:04,,,,
7301605761,02/21/2024 9:13:03,02/21/2024 9:13:03,Buy,MNQH4,1,21374.25,Market,21374.25,,Filled,0:10:37,,revenge,,,
7301605762,02/21/2024 9:13:03,,Sell,MNQH4,1,,Stop,,21362,Cancelled,,,revenge,,,
7301605763,02/21/2024 9:13:03,02/21/2024 9:23:40,Sell,MNQH4,1,21394.5,Limit,21394.5,,Filled,,0:02:39,revenge,,,
7301605421,02/21/2024 9:26:19,02/21/2024 9:26:19,Buy,MNQH4,1,21442.25,Market,21442.25,,Filled,0:09:40,,,,,
7301605422,02/21/2024 9:26:19,,Sell,MNQH4,1,,Stop,,21431,Cancelled,,,,,,
7301605423,02/21/2024 9:26:19,02/21/2024 9:35:59,Sell,MNQH4,1,21462.5,Limit,21462.5,,Filled,,1:17:18,,,,
7301603701,02/21/2024 10:53:17,02/21/2024 10:53:17,Sell,MNQH4,1,21480.75,Market,21480.75,,Filled,0:01:08,,,,,
7301603702,02/21/2024 10:53:17,02/21/2024 10:54:25,Buy,MNQH4,1,21500.75,Stop,,21500.75,Filled,,,,,,
7301603703,02/21/2024 10:53:17,,Buy,MNQH4,1,,Limit,21443,,Cancelled,,0:16:21,,,,
7301605091,02/21/2024 11:10:46,02/21/2024 11:10:46,Sell,MNQH4,1,21500.5,Market,21500.5,,Filled,0:04:33,,,,,
7301605092,02/21/2024 11:10:46,02/21/2024 11:15:19,Buy,MNQH4,1,21518.5,Stop,,21518.5,Filled,,,,,,
7301605093,02/21/2024 11:10:46,,Buy,MNQH4,1,,Limit,21470.25,,Cancelled,,1:13:43,,,,
7301603191,02/22/2024 7:30:00,02/22/2024 7:30:00,Buy,MNQH4,1,21369.75,Market,21369.75,,Filled,0:08:51,,,,,
7301603192,02/22/2024 7:30:00,02/22/2024 7:38:51,Sell,MNQH4,1,21359.5,Stop,,21359.5,Filled,,,,,,
7301603193,02/22/2024 7:30:00,,Sell,MNQH4,1,,Limit,21391.25,,Cancelled,,0:20:29,,,,
7301603221,02/22/2024 7:59:20,02/22/2024 7:59:20,Buy,MNQH4,1,21478.75,Market,21478.75,,Filled,0:06:11,,,,,
7301603222,02/22/2024 7:59:20,,Sell,MNQH4,1,,Stop,,21470.25,Cancelled,,,,,,
7301603223,02/22/2024 7:59:20,02/22/2024 8:05:31,Sell,MNQH4,1,21491.25,Limit,21491.25,,Filled,,0:24:40,,,,
7301603901,02/22/2024 8:30:11,02/22/2024 8:30:11,Sell,MNQH4,1,21456,Market,21456,,Filled,0:09:43,,,,,
7301603902,02/22/2024 8:30:11,02/22/2024 8:39:54,Buy,MNQH4,1,21474.5,Stop,,21474.5,Filled,,,,,,
7301603903,02/22/2024 8:30:11,,Buy,MNQH4,1,,Limit,21426.5,,Cancelled,,1:57:13,,,,
7301603711,02/22/2024 10:37:07,02/22/2024 10:37:07,Buy,MNQH4,1,21476.25,Market,21476.25,,Filled,0:09:55,,,,,
7301603712,02/22/2024 10:37:07,02/22/2024 10:47:02,Sell,MNQH4,1,21462.5,Stop,,21462.5,Filled,,,,,,
7301603713,02/22/2024 10:37:07,,Sell,MNQH4,1,,Limit,21495.75,,Cancelled,,1:40:21,,,,
7301605211,02/22/2024 12:27:23,02/22/2024 12:27:23,Sell,MNQH4,1,21456.75,Market,21456.75,,Filled,0:04:20,,,,,
7301605212,02/22/2024 12:27:23,,Buy,MNQH4,1,,Stop,,21463.5,Cancelled,,,,,,
7301605213,02/22/2024 12:27:23,02/22/2024 12:31:43,Buy,MNQH4,1,21443,Limit,21443,,Filled,,0:56:54,,,,
7301603431,02/23/2024 7:30:00,02/23/2024 7:30:00,Sell,MNQH4,1,21489.75,Market,21489.75,,Filled,0:03:39,,,,,
7301603432,02/23/2024 7:30:00,02/23/2024 7:33:39,Buy,MNQH4,1,21505.25,Stop,,21505.25,Filled,,,,,,
7301603433,02/23/2024 7:30:00,,Buy,MNQH4,1,,Limit,21462.75,,Cancelled,,1:26:44,,,,
7301603891,02/23/2024 9:00:23,02/23/2024 9:00:23,Sell,MNQH4,1,21429.75,Market,21429.75,,Filled,0:08:32,,,,,
7301603892,02/23/2024 9:00:23,02/23/2024 9:08:55,Buy,MNQH4,1,21437.75,Stop,,21437.75,Filled,,,,,,
7301603893,02/23/2024 9:00:23,,Buy,MNQH4,1,,Limit,21413.75,,Cancelled,,1:09:52,,,,
7301605351,02/23/2024 10:18:47,02/23/2024 10:18:47,Sell,MNQH4,1,21385.5,Market,21385.5,,Filled,0:01:28,,,,,
7301605352,02/23/2024 10:18:47,02/23/2024 10:20:15,Buy,MNQH4,1,21399,Stop,,21399,Filled,,,,,,
7301605353,02/23/2024 10:18:47,,Buy,MNQH4,1,,Limit,21356.5,,Cancelled,,1:41:36,,,,
7301604141,02/23/2024 12:01:51,02/23/2024 12:01:51,Sell,MNQH4,1,21399.5,Market,21399.5,,Filled,0:06:12,,,,,
7301604142,02/23/2024 12:01:51,02/23/2024 12:08:03,Buy,MNQH4,1,21412.5,Stop,,21412.5,Filled,,,,,,
7301604143,02/23/2024 12:01:51,,Buy,MNQH4,1,,Limit,21369,,Cancelled,,1:18:43,,,,
7301604261,02/23/2024 13:26:46,02/23/2024 13:26:46,Sell,MNQH4,1,21445,Market,21445,,Filled,0:04:03,,,,,
7301604262,02/23/2024 13:26:46,02/23/2024 13:30:49,Buy,MNQH4,1,21464,Stop,,21464,Filled,,,,,,
7301604263,02/23/2024 13:26:46,,Buy,MNQH4,1,,Limit,21402.25,,Cancelled,,1:26:21,,,,
7301604961,02/26/2024 7:30:00,02/26/2024 7:30:00,Buy,MNQH4,1,21451.5,Market,21451.5,,Filled,0:10:08,,,,,
7301604962,02/26/2024 7:30:00,02/26/2024 7:40:08,Sell,MNQH4,1,21438.5,Stop,,21438.5,Filled,,,,,,
7301604963,02/26/2024 7:30:00,,Sell,MNQH4,1,,Limit,21470.75,,Cancelled,,0:42:10,,,,
7301603091,02/26/2024 8:22:18,02/26/2024 8:22:18,Buy,MNQH4,1,21455.25,Market,21455.25,,Filled,0:01:32,,,,,
7301603092,02/26/2024 8:22:18,,Sell,MNQH4,1,,Stop,,21448.25,Cancelled,,,,,,
7301603093,02/26/2024 8:22:18,02/26/2024 8:23:50,Sell,MNQH4,1,21472,Limit,21472,,Filled,,1:36:38,,,,
7301605521,02/26/2024 10:00:28,02/26/2024 10:00:28,Sell,MNQH4,1,21509.75,Market,21509.75,,Filled,0:04:55,,,,,
7301605522,02/26/2024 10:00:28,,Buy,MNQH4,1,,Stop,,21517.25,Cancelled,,,,,,
7301605523,02/26/2024 10:00:28,02/26/2024 10:05:23,Buy,MNQH4,1,21491.5,Limit,21491.5,,Filled,,1:36:23,,,,
7301605231,02/26/2024 11:41:46,02/26/2024 11:41:46,Sell,MNQH4,1,21414,Market,21414,,Filled,0:09:54,,,,,
7301605232,02/26/2024 11:41:46,02/26/2024 11:51:40,Buy,MNQH4,1,21425.25,Stop,,21425.25,Filled,,,,,,
7301605233,02/26/2024 11:41:46,,Buy,MNQH4,1,,Limit,21389.5,,Cancelled,,0:49:50,,,,
7301605831,02/26/2024 12:41:30,02/26/2024 12:41:30,Buy,MNQH4,1,21420.25,Market,21420.25,,Filled,0:02:54,,,excessive,,
7301605832,02/26/2024 12:41:30,02/26/2024 12:44:24,Sell,MNQH4,1,21400.75,Stop,,21400.75,Filled,,,,excessive,,
7301605833,02/26/2024 12:41:30,,Sell,MNQH4,1,,Limit,21454.25,,Cancelled,,0:13:24,,excessive,,
7301602861,02/27/2024 7:30:00,02/27/2024 7:30:00,Sell,MNQH4,1,21434.75,Market,21434.75,,Filled,0:02:02,,,,,
7301602862,02/27/2024 7:30:00,02/27/2024 7:32:02,Buy,MNQH4,1,21454.75,Stop,,21454.75,Filled,,,,,,
7301602863,02/27/2024 7:30:00,,Buy,MNQH4,1,,Limit,21389,,Cancelled,,1:36:10,,,,
7301604781,02/27/2024 9:08:12,02/27/2024 9:08:12,Buy,MNQH4,1,21473.5,Market,21473.5,,Filled,0:03:47,,,,,
7301604782,02/27/2024 9:08:12,02/27/2024 9:11:59,Sell,MNQH4,1,21456,Stop,,21456,Filled,,,,,,
7301604783,02/27/2024 9:08:12,,Sell,MNQH4,1,,Limit,21513.5,,Cancelled,,1:38:29,,,,
7301605591,02/27/2024 10:50:28,02/27/2024 10:50:28,Sell,MNQH4,1,21502.25,Market,21502.25,,Filled,0:06:54,,revenge,,,
7301605592,02/27/2024 10:50:28,02/27/2024 10:57:22,Buy,MNQH4,1,21513,Stop,,21513,Filled,,,revenge,,,
7301605593,02/27/2024 10:50:28,,Buy,MNQH4,1,,Limit,21481.75,,Cancelled,,0:03:45,revenge,,,
7301604241,02/27/2024 11:01:07,02/27/2024 11:01:07,Buy,MNQH4,1,21526,Market,21526,,Filled,0:08:16,,,,,
7301604242,02/27/2024 11:01:07,,Sell,MNQH4,1,,Stop,,21516.25,Cancelled,,,,,,
7301604243,02/27/2024 11:01:07,02/27/2024 11:09:23,Sell,MNQH4,1,21541,Limit,21541,,Filled,,1:09:05,,,,
7301605301,02/27/2024 12:18:28,02/27/2024 12:18:28,Sell,MNQH4,1,21504.75,Market,21504.75,,Filled,0:07:19,,,,,
7301605302,02/27/2024 12:18:28,02/27/2024 12:25:47,Buy,MNQH4,1,21522.25,Stop,,21522.25,Filled,,,,,,
7301605303,02/27/2024 12:18:28,,Buy,MNQH4,1,,Limit,21470.75,,Cancelled,,0:14:25,,,,
7301602791,02/28/2024 7:30:00,02/28/2024 7:30:00,Sell,MNQH4,1,21472,Market,21472,,Filled,0:01:04,,,,,
7301602792,02/28/2024 7:30:00,,Buy,MNQH4,1,,Stop,,21481.75,Cancelled,,,,,,
7301602793,02/28/2024 7:30:00,02/28/2024 7:31:04,Buy,MNQH4,1,21456.25,Limit,21456.25,,Filled,,0:05:48,,,,
7301605801,02/28/2024 7:36:52,02/28/2024 7:36:52,Buy,MNQH4,1,21377.75,Market,21377.75,,Filled,0:11:11,,,excessive,,
7301605802,02/28/2024 7:36:52,,Sell,MNQH4,1,,Stop,,21363,Cancelled,,,,excessive,,
7301605803,02/28/2024 7:36:52,02/28/2024 7:48:03,Sell,MNQH4,1,21395.25,Limit,21395.25,,Filled,,1:23:19,,excessive,,
7301603531,02/28/2024 9:11:22,02/28/2024 9:11:22,Sell,MNQH4,1,21351.5,Market,21351.5,,Filled,0:03:12,,,,,
7301603532,02/28/2024 9:11:22,,Buy,MNQH4,1,,Stop,,21359,Cancelled,,,,,,
7301603533,02/28/2024 9:11:22,02/28/2024 9:14:34,Buy,MNQH4,1,21339,Limit,21339,,Filled,,0:33:10,,,,
7301603541,02/28/2024 9:47:44,02/28/2024 9:47:44,Buy,MNQH4,1,21450.5,Market,21450.5,,Filled,0:10:21,,,,,
7301603542,02/28/2024 9:47:44,02/28/2024 9:58:05,Sell,MNQH4,1,21438.75,Stop,,21438.75,Filled,,,,,,
7301603543,02/28/2024 9:47:44,,Sell,MNQH4,1,,Limit,21472.5,,Cancelled,,0:42:29,,,,
7301605361,02/28/2024 10:40:34,02/28/2024 10:40:34,Sell,MNQH4,1,21475,Market,21475,,Filled,0:00:44,,,,,
7301605362,02/28/2024 10:40:34,,Buy,MNQH4,1,,Stop,,21481.75,Cancelled,,,,,,
7301605363,02/28/2024 10:40:34,02/28/2024 10:41:18,Buy,MNQH4,1,21462.5,Limit,21462.5,,Filled,,0:23:56,,,,
7301605691,02/29/2024 7:30:00,02/29/2024 7:30:00,Buy,MNQH4,1,21374.25,Market,21374.25,,Filled,0:09:40,,revenge,,,
7301605692,02/29/2024 7:30:00,02/29/2024 7:39:40,Sell,MNQH4,1,21357.25,Stop,,21357.25,Filled,,,revenge,,,
7301605693,02/29/2024 7:30:00,,Sell,MNQH4,1,,Limit,21401,,Cancelled,,0:03:29,revenge,,,
7301605001,02/29/2024 7:43:09,02/29/2024 7:43:09,Sell,MNQH4,1,21411.5,Market,21411.5,,Filled,0:01:47,,,,,
7301605002,02/29/2024 7:43:09,02/29/2024 7:44:56,Buy,MNQH4,1,21429.75,Stop,,21429.75,Filled,,,,,,
7301605003,02/29/2024 7:43:09,,Buy,MNQH4,1,,Limit,21369,,Cancelled,,1:36:28,,,,
7301604801,02/29/2024 9:21:24,02/29/2024 9:21:24,Buy,MNQH4,1,21486,Market,21486,,Filled,0:03:56,,,,,
7301604802,02/29/2024 9:21:24,02/29/2024 9:25:20,Sell,MNQH4,1,21474.75,Stop,,21474.75,Filled,,,,,,
7301604803,02/29/2024 9:21:24,,Sell,MNQH4,1,,Limit,21511.75,,Cancelled,,0:45:07,,,,
7301603151,02/29/2024 10:10:27,02/29/2024 10:10:27,Buy,MNQH4,1,21352.5,Market,21352.5,,Filled,0:07:49,,,,,
7301603152,02/29/2024 10:10:27,02/29/2024 10:18:16,Sell,MNQH4,1,21343.25,Stop,,21343.25,Filled,,,,,,
7301603153,02/29/2024 10:10:27,,Sell,MNQH4,1,,Limit,21364.5,,Cancelled,,0:09:42,,,,
7301603881,02/29/2024 10:27:58,02/29/2024 10:27:58,Buy,MNQH4,1,21465.5,Market,21465.5,,Filled,0:08:35,,,,,
7301603882,02/29/2024 10:27:58,,Sell,MNQH4,1,,Stop,,21457.25,Cancelled,,,,,,
7301603883,02/29/2024 10:27:58,02/29/2024 10:36:33,Sell,MNQH4,1,21484.75,Limit,21484.75,,Filled,,1:55:12,,,,
7301603301,03/01/2024 7:30:00,03/01/2024 7:30:00,Sell,MNQH4,1,21405,Market,21405,,Filled,0:06:30,,,,,
7301603302,03/01/2024 7:30:00,03/01/2024 7:36:30,Buy,MNQH4,1,21418.25,Stop,,21418.25,Filled,,,,,,
7301603303,03/01/2024 7:30:00,,Buy,MNQH4,1,,Limit,21374.25,,Cancelled,,0:31:48,,,,
7301603481,03/01/2024 8:08:18,03/01/2024 8:08:18,Sell,MNQH4,1,21387,Market,21387,,Filled,0:02:32,,,,,
7301603482,03/01/2024 8:08:18,03/01/2024 8:10:50,Buy,MNQH4,1,21405.75,Stop,,21405.75,Filled,,,,,,
7301603483,03/01/2024 8:08:18,,Buy,MNQH4,1,,Limit,21359.25,,Cancelled,,0:34:42,,,,
7301604691,03/01/2024 8:45:32,03/01/2024 8:45:32,Sell,MNQH4,1,21496.5,Market,21496.5,,Filled,0:01:43,,,,,
7301604692,03/01/2024 8:45:32,03/01/2024 8:47:15,Buy,MNQH4,1,21510.5,Stop,,21510.5,Filled,,,,,,
7301604693,03/01/2024 8:45:32,,Buy,MNQH4,1,,Limit,21467.75,,Cancelled,,1:08:45,,,,
7301604371,03/01/2024 9:56:00,03/01/2024 9:56:00,Buy,MNQH4,1,21431,Market,21431,,Filled,0:00:46,,,,,
7301604372,03/01/2024 9:56:00,03/01/2024 9:56:46,Sell,MNQH4,1,21416.75,Stop,,21416.75,Filled,,,,,,
7301604373,03/01/2024 9:56:00,,Sell,MNQH4,1,,Limit,21454.75,,Cancelled,,0:13:27,,,,
7301604721,03/01/2024 10:10:13,03/01/2024 10:10:13,Sell,MNQH4,1,21362.5,Market,21362.5,,Filled,0:03:10,,,,,
7301604722,03/01/2024 10:10:13,03/01/2024 10:13:23,Buy,MNQH4,1,21371.5,Stop,,21371.5,Filled,,,,,,
7301604723,03/01/2024 10:10:13,,Buy,MNQH4,1,,Limit,21343.75,,Cancelled,,0:53:31,,,,
7301603561,03/04/2024 7:30:00,03/04/2024 7:30:00,Buy,MNQH4,1,21404.25,Market,21404.25,,Filled,0:03:10,,,,,
7301603562,03/04/2024 7:30:00,,Sell,MNQH4,1,,Stop,,21393.5,Cancelled,,,,,,
7301603563,03/04/2024 7:30:00,03/04/2024 7:33:10,Sell,MNQH4,1,21421.75,Limit,21421.75,,Filled,,0:06:56,,,,
7301603861,03/04/2024 7:40:06,03/04/2024 7:40:06,Buy,MNQH4,1,21451.5,Market,21451.5,,Filled,0:09:15,,,,,
7301603862,03/04/2024 7:40:06,03/04/2024 7:49:21,Sell,MNQH4,1,21432.25,Stop,,21432.25,Filled,,,,,,
7301603863,03/04/2024 7:40:06,,Sell,MNQH4,1,,Limit,21494.25,,Cancelled,,0:34:33,,,,
7301605271,03/04/2024 8:23:54,03/04/2024 8:23:54,Sell,MNQH4,1,21471.25,Market,21471.25,,Filled,0:11:16,,,,,
7301605272,03/04/2024 8:23:54,,Buy,MNQH4,1,,Stop,,21482,Cancelled,,,,,,
7301605273,03/04/2024 8:23:54,03/04/2024 8:35:10,Buy,MNQH4,1,21449.75,Limit,21449.75,,Filled,,1:51:09,,,,
7301604051,03/04/2024 10:26:19,03/04/2024 10:26:19,Sell,MNQH4,1,21424.25,Market,21424.25,,Filled,0:09:45,,,,,
7301604052,03/04/2024 10:26:19,,Buy,MNQH4,1,,Stop,,21437.25,Cancelled,,,,,,
7301604053,03/04/2024 10:26:19,03/04/2024 10:36:04,Buy,MNQH4,1,21405.5,Limit,21405.5,,Filled,,0:06:38,,,,
7301604791,03/04/2024 10:42:42,03/04/2024 10:42:42,Buy,MNQH4,1,21435.5,Market,21435.5,,Filled,0:09:35,,,,,
7301604792,03/04/2024 10:42:42,,Sell,MNQH4,1,,Stop,,21424.5,Cancelled,,,,,,
7301604793,03/04/2024 10:42:42,03/04/2024 10:52:17,Sell,MNQH4,1,21454.5,Limit,21454.5,,Filled,,1:58:56,,,,
7301602931,03/05/2024 7:30:00,03/05/2024 7:30:00,Sell,MNQH4,1,21499.75,Market,21499.75,,Filled,0:09:24,,,,,
7301602932,03/05/2024 7:30:00,03/05/2024 7:39:24,Buy,MNQH4,1,21516,Stop,,21516,Filled,,,,,,
7301602933,03/05/2024 7:30:00,,Buy,MNQH4,1,,Limit,21464,,Cancelled,,1:02:50,,,,
7301605671,03/05/2024 8:42:14,03/05/2024 8:42:14,Buy,MNQH4,1,21420.75,Market,21420.75,,Filled,0:09:54,,revenge,,,
7301605672,03/05/2024 8:42:14,,Sell,MNQH4,1,,Stop,,21410.5,Cancelled,,,revenge,,,
7301605673,03/05/2024 8:42:14,03/05/2024 8:52:08,Sell,MNQH4,1,21442.25,Limit,21442.25,,Filled,,0:00:57,revenge,,,
7301604511,03/05/2024 8:53:05,03/05/2024 8:53:05,Sell,MNQH4,1,21358.5,Market,21358.5,,Filled,0:00:05,,,,,
7301604512,03/05/2024 8:53:05,,Buy,MNQH4,1,,Stop,,21368,Cancelled,,,,,,
7301604513,03/05/2024 8:53:05,03/05/2024 8:53:10,Buy,MNQH4,1,21343.5,Limit,21343.5,,Filled,,0:06:16,,,,
7301604811,03/05/2024 8:59:26,03/05/2024 8:59:26,Buy,MNQH4,1,21520.75,Market,21520.75,,Filled,0:00:29,,,,,
7301604812,03/05/2024 8:59:26,03/05/2024 8:59:55,Sell,MNQH4,1,21510.5,Stop,,21510.5,Filled,,,,,,
7301604813,03/05/2024 8:59:26,,Sell,MNQH4,1,,Limit,21534,,Cancelled,,1:53:48,,,,
7301603121,03/05/2024 10:53:43,03/05/2024 10:53:43,Buy,MNQH4,1,21409.75,Market,21409.75,,Filled,0:03:56,,,,,
7301603122,03/05/2024 10:53:43,03/05/2024 10:57:39,Sell,MNQH4,1,21396.25,Stop,,21396.25,Filled,,,,,,
7301603123,03/05/2024 10:53:43,,Sell,MNQH4,1,,Limit,21427.5,,Cancelled,,1:16:39,,,,
7301605721,03/06/2024 7:30:00,03/06/2024 7:30:00,Sell,MNQH4,1,21418.5,Market,21418.5,,Filled,0:05:22,,revenge,,,
7301605722,03/06/2024 7:30:00,03/06/2024 7:35:22,Buy,MNQH4,1,21428.5,Stop,,21428.5,Filled,,,revenge,,,
7301605723,03/06/2024 7:30:00,,Buy,MNQH4,1,,Limit,21394.75,,Cancelled,,0:04:44,revenge,,,
7301604151,03/06/2024 7:40:06,03/06/2024 7:40:06,Buy,MNQH4,1,21493,Market,21493,,Filled,0:06:23,,,,,
7301604152,03/06/2024 7:40:06,,Sell,MNQH4,1,,Stop,,21481,Cancelled,,,,,,
7301604153,03/06/2024 7:40:06,03/06/2024 7:46:29,Sell,MNQH4,1,21513.5,Limit,21513.5,,Filled,,1:59:58,,,,
7301603071,03/06/2024 9:46:27,03/06/2024 9:46:27,Buy,MNQH4,1,21368,Market,21368,,Filled,0:08:35,,,,,
7301603072,03/06/2024 9:46:27,03/06/2024 9:55:02,Sell,MNQH4,1,21357.5,Stop,,21357.5,Filled,,,,,,
7301603073,03/06/2024 9:46:27,,Sell,MNQH4,1,,Limit,21381.75,,Cancelled,,0:21:55,,,,
7301605291,03/06/2024 10:16:57,03/06/2024 10:16:57,Buy,MNQH4,1,21460.25,Market,21460.25,,Filled,0:03:36,,,,,
7301605292,03/06/2024 10:16:57,03/06/2024 10:20:33,Sell,MNQH4,1,21445.75,Stop,,21445.75,Filled,,,,,,
7301605293,03/06/2024 10:16:57,,Sell,MNQH4,1,,Limit,21480.25,,Cancelled,,0:05:43,,,,
7301604751,03/06/2024 10:26:16,03/06/2024 10:26:16,Buy,MNQH4,1,21392.25,Market,21392.25,,Filled,0:04:58,,,,,
7301604752,03/06/2024 10:26:16,03/06/2024 10:31:14,Sell,MNQH4,1,21373.75,Stop,,21373.75,Filled,,,,,,
7301604753,03/06/2024 10:26:16,,Sell,MNQH4,1,,Limit,21421.25,,Cancelled,,0:19:43,,,,
7301605371,03/07/2024 7:30:00,03/07/2024 7:30:00,Sell,MNQH4,1,21494,Market,21494,,Filled,0:05:45,,,,,
7301605372,03/07/2024 7:30:00,,Buy,MNQH4,1,,Stop,,21502.75,Cancelled,,,,,,
7301605373,03/07/2024 7:30:00,03/07/2024 7:35:45,Buy,MNQH4,1,21476.75,Limit,21476.75,,Filled,,1:10:07,,,,
7301605281,03/07/2024 8:45:52,03/07/2024 8:45:52,Buy,MNQH4,1,21522.25,Market,21522.25,,Filled,0:04:31,,,,,
7301605282,03/07/2024 8:45:52,,Sell,MNQH4,1,,Stop,,21514,Cancelled,,,,,,
7301605283,03/07/2024 8:45:52,03/07/2024 8:50:23,Sell,MNQH4,1,21535.25,Limit,21535.25,,Filled,,0:35:33,,,,
7301602821,03/07/2024 9:25:56,03/07/2024 9:25:56,Sell,MNQH4,1,21511,Market,21511,,Filled,0:01:36,,,,,
7301602822,03/07/2024 9:25:56,,Buy,MNQH4,1,,Stop,,21520.25,Cancelled,,,,,,
7301602823,03/07/2024 9:25:56,03/07/2024 9:27:32,Buy,MNQH4,1,21490.25,Limit,21490.25,,Filled,,0:22:32,,,,
7301604381,03/07/2024 9:50:04,03/07/2024 9:50:04,Sell,MNQH4,1,21463,Market,21463,,Filled,0:02:41,,,,,
7301604382,03/07/2024 9:50:04,03/07/2024 9:52:45,Buy,MNQH4,1,21477.75,Stop,,21477.75,Filled,,,,,,
7301604383,03/07/2024 9:50:04,,Buy,MNQH4,1,,Limit,21439.25,,Cancelled,,0:15:28,,,,
7301603351,03/07/2024 10:08:13,03/07/2024 10:08:13,Buy,MNQH4,1,21473.25,Market,21473.25,,Filled,0:03:21,,,,,
7301603352,03/07/2024 10:08:13,,Sell,MNQH4,1,,Stop,,21460.5,Cancelled,,,,,,
7301603353,03/07/2024 10:08:13,03/07/2024 10:11:34,Sell,MNQH4,1,21496,Limit,21496,,Filled,,0:36:17,,,,
7301603231,03/08/2024 7:30:00,03/08/2024 7:30:00,Sell,MNQH4,1,21417.75,Market,21417.75,,Filled,0:10:16,,,,,
7301603232,03/08/2024 7:30:00,03/08/2024 7:40:16,Buy,MNQH4,1,21428.25,Stop,,21428.25,Filled,,,,,,
7301603233,03/08/2024 7:30:00,,Buy,MNQH4,1,,Limit,21402,,Cancelled,,0:05:47,,,,
7301604951,03/08/2024 7:46:03,03/08/2024 7:46:03,Sell,MNQH4,1,21404.75,Market,21404.75,,Filled,0:02:07,,,,,
7301604952,03/08/2024 7:46:03,,Buy,MNQH4,1,,Stop,,21411.75,Cancelled,,,,,,
7301604953,03/08/2024 7:46:03,03/08/2024 7:48:10,Buy,MNQH4,1,21389.5,Limit,21389.5,,Filled,,1:01:41,,,,
7301602771,03/08/2024 8:49:51,03/08/2024 8:49:51,Buy,MNQH4,1,21523.25,Market,21523.25,,Filled,0:03:04,,,,,
7301602772,03/08/2024 8:49:51,,Sell,MNQH4,1,,Stop,,21515,Cancelled,,,,,,
7301602773,03/08/2024 8:49:51,03/08/2024 8:52:55,Sell,MNQH4,1,21537.5,Limit,21537.5,,Filled,,0:59:16,,,,
7301603971,03/08/2024 11:15:11,03/08/2024 11:15:11,Sell,MNQH4,1,21377,Market,21377,,Filled,0:08:39,,,,,
7301603972,03/08/2024 11:15:11,,Buy,MNQH4,1,,Stop,,21390,Cancelled,,,,,,
7301603973,03/08/2024 11:15:11,03/08/2024 11:23:50,Buy,MNQH4,1,21354.75,Limit,21354.75,,Filled,,1:06:21,,,,
7301604031,03/11/2024 7:30:00,03/11/2024 7:30:00,Buy,MNQH4,1,21466.75,Market,21466.75,,Filled,0:10:08,,,,,
7301604032,03/11/2024 7:30:00,03/11/2024 7:40:08,Sell,MNQH4,1,21449,Stop,,21449,Filled,,,,,,
7301604033,03/11/2024 7:30:00,,Sell,MNQH4,1,,Limit,21507.5,,Cancelled,,1:15:40,,,,
7301604201,03/11/2024 8:55:48,03/11/2024 8:55:48,Buy,MNQH4,1,21429.75,Market,21429.75,,Filled,0:11:18,,,,,
7301604202,03/11/2024 8:55:48,,Sell,MNQH4,1,,Stop,,21414.5,Cancelled,,,,,,
7301604203,03/11/2024 8:55:48,03/11/2024 9:07:06,Sell,MNQH4,1,21451.5,Limit,21451.5,,Filled,,0:29:53,,,,
7301603371,03/11/2024 9:36:59,03/11/2024 9:36:59,Sell,MNQH4,1,21355.25,Market,21355.25,,Filled,0:05:30,,,,,
7301603372,03/11/2024 9:36:59,03/11/2024 9:42:29,Buy,MNQH4,1,21370.25,Stop,,21370.25,Filled,,,,,,
7301603373,03/11/2024 9:36:59,,Buy,MNQH4,1,,Limit,21332.75,,Cancelled,,0:47:20,,,,
7301605611,03/11/2024 10:29:49,03/11/2024 10:29:49,Buy,MNQH4,1,21416.25,Market,21416.25,,Filled,0:04:40,,revenge,,,
7301605612,03/11/2024 10:29:49,03/11/2024 10:34:29,Sell,MNQH4,1,21407.25,Stop,,21407.25,Filled,,,revenge,,,
7301605613,03/11/2024 10:29:49,,Sell,MNQH4,1,,Limit,21433.75,,Cancelled,,0:02:23,revenge,,,
7301603921,03/11/2024 10:36:52,03/11/2024 10:36:52,Sell,MNQH4,1,21419,Market,21419,,Filled,0:03:05,,,,,
7301603922,03/11/2024 10:36:52,,Buy,MNQH4,1,,Stop,,21434.25,Cancelled,,,,,,
7301603923,03/11/2024 10:36:52,03/11/2024 10:39:57,Buy,MNQH4,1,21396.75,Limit,21396.75,,Filled,,0:15:32,,,,
7301604921,03/12/2024 7:30:00,03/12/2024 7:30:00,Buy,MNQH4,1,21508.75,Market,21508.75,,Filled,0:07:05,,,,,
7301604922,03/12/2024 7:30:00,,Sell,MNQH4,1,,Stop,,21498.75,Cancelled,,,,,,
7301604923,03/12/2024 7:30:00,03/12/2024 7:37:05,Sell,MNQH4,1,21529.5,Limit,21529.5,,Filled,,0:30:55,,,,
7301605171,03/12/2024 8:08:00,03/12/2024 8:08:00,Buy,MNQH4,1,21422.75,Market,21422.75,,Filled,0:06:23,,,,,
7301605172,03/12/2024 8:08:00,,Sell,MNQH4,1,,Stop,,21412.25,Cancelled,,,,,,
7301605173,03/12/2024 8:08:00,03/12/2024 8:14:23,Sell,MNQH4,1,21438,Limit,21438,,Filled,,0:53:44,,,,
7301604471,03/12/2024 9:08:07,03/12/2024 9:08:07,Sell,MNQH4,1,21458.5,Market,21458.5,,Filled,0:07:49,,,,,
7301604472,03/12/2024 9:08:07,,Buy,MNQH4,1,,Stop,,21466,Cancelled,,,,,,
7301604473,03/12/2024 9:08:07,03/12/2024 9:15:56,Buy,MNQH4,1,21441.75,Limit,21441.75,,Filled,,0:30:46,,,,
7301604521,03/12/2024 9:46:42,03/12/2024 9:46:42,Buy,MNQH4,1,21421.75,Market,21421.75,,Filled,0:04:16,,,,,
7301604522,03/12/2024 9:46:42,,Sell,MNQH4,1,,Stop,,21416.25,Cancelled,,,,,,
7301604523,03/12/2024 9:46:42,03/12/2024 9:50:58,Sell,MNQH4,1,21434.25,Limit,21434.25,,Filled,,0:08:26,,,,
7301603501,03/12/2024 9:59:24,03/12/2024 9:59:24,Sell,MNQH4,1,21409.5,Market,21409.5,,Filled,0:07:14,,,,,
7301603502,03/12/2024 9:59:24,,Buy,MNQH4,1,,Stop,,21415,Cancelled,,,,,,
7301603503,03/12/2024 9:59:24,03/12/2024 10:06:38,Buy,MNQH4,1,21395.75,Limit,21395.75,,Filled,,0:18:01,,,,
7301605661,03/13/2024 7:30:00,03/13/2024 7:30:00,Sell,MNQH4,1,21475.75,Market,21475.75,,Filled,0:02:27,,revenge,,,
7301605662,03/13/2024 7:30:00,03/13/2024 7:32:27,Buy,MNQH4,1,21491.25,Stop,,21491.25,Filled,,,revenge,,,
7301605663,03/13/2024 7:30:00,,Buy,MNQH4,1,,Limit,21455.75,,Cancelled,,0:04:41,revenge,,,
7301604041,03/13/2024 7:37:08,03/13/2024 7:37:08,Sell,MNQH4,1,21346,Market,21346,,Filled,0:00:29,,,,,
7301604042,03/13/2024 7:37:08,,Buy,MNQH4,1,,Stop,,21351.25,Cancelled,,,,,,
7301604043,03/13/2024 7:37:08,03/13/2024 7:37:37,Buy,MNQH4,1,21333.5,Limit,21333.5,,Filled,,0:06:55,,,,
7301603781,03/13/2024 7:44:32,03/13/2024 7:44:32,Sell,MNQH4,1,21384.25,Market,21384.25,,Filled,0:00:19,,,,,
7301603782,03/13/2024 7:44:32,03/13/2024 7:44:51,Buy,MNQH4,1,21401.5,Stop,,21401.5,Filled,,,,,,
7301603783,03/13/2024 7:44:32,,Buy,MNQH4,1,,Limit,21353,,Cancelled,,0:47:19,,,,
7301605051,03/13/2024 8:32:10,03/13/2024 8:32:10,Buy,MNQH4,1,21461.25,Market,21461.25,,Filled,0:10:48,,,,,
7301605052,03/13/2024 8:32:10,03/13/2024 8:42:58,Sell,MNQH4,1,21449,Stop,,21449,Filled,,,,,,
7301605053,03/13/2024 8:32:10,,Sell,MNQH4,1,,Limit,21484.25,,Cancelled,,1:09:45,,,,
7301603391,03/13/2024 9:52:43,03/13/2024 9:52:43,Buy,MNQH4,1,21472,Market,21472,,Filled,0:02:57,,,,,
7301603392,03/13/2024 9:52:43,,Sell,MNQH4,1,,Stop,,21460.5,Cancelled,,,,,,
7301603393,03/13/2024 9:52:43,03/13/2024 9:55:40,Sell,MNQH4,1,21491.75,Limit,21491.75,,Filled,,1:48:12,,,,
7301604571,03/14/2024 7:30:00,03/14/2024 7:30:00,Sell,MNQH4,1,21350.75,Market,21350.75,,Filled,0:10:16,,,,,
7301604572,03/14/2024 7:30:00,03/14/2024 7:40:16,Buy,MNQH4,1,21358.75,Stop,,21358.75,Filled,,,,,,
7301604573,03/14/2024 7:30:00,,Buy,MNQH4,1,,Limit,21336,,Cancelled,,0:25:54,,,,
7301605851,03/14/2024 8:06:10,03/14/2024 8:06:10,Buy,MNQH4,1,21511.5,Market,21511.5,,Filled,0:00:19,,,excessive,,
7301605852,03/14/2024 8:06:10,,Sell,MNQH4,1,,Stop,,21491.5,Cancelled,,,,excessive,,
7301605853,03/14/2024 8:06:10,03/14/2024 8:06:29,Sell,MNQH4,1,21524.5,Limit,21524.5,,Filled,,0:48:30,,excessive,,
7301605481,03/14/2024 8:54:59,03/14/2024 8:54:59,Sell,MNQH4,1,21498.5,Market,21498.5,,Filled,0:03:06,,,,,
7301605482,03/14/2024 8:54:59,,Buy,MNQH4,1,,Stop,,21506.25,Cancelled,,,,,,
7301605483,03/14/2024 8:54:59,03/14/2024 8:58:05,Buy,MNQH4,1,21480.25,Limit,21480.25,,Filled,,1:13:43,,,,
7301603661,03/14/2024 10:11:48,03/14/2024 10:11:48,Sell,MNQH4,1,21375.5,Market,21375.5,,Filled,0:04:44,,,,,
7301603662,03/14/2024 10:11:48,03/14/2024 10:16:32,Buy,MNQH4,1,21385.25,Stop,,21385.25,Filled,,,,,,
7301603663,03/14/2024 10:11:48,,Buy,MNQH4,1,,Limit,21358,,Cancelled,,0:19:43,,,,
7301603181,03/14/2024 10:36:15,03/14/2024 10:36:15,Sell,MNQH4,1,21402.5,Market,21402.5,,Filled,0:04:33,,,,,
7301603182,03/14/2024 10:36:15,,Buy,MNQH4,1,,Stop,,21414,Cancelled,,,,,,
7301603183,03/14/2024 10:36:15,03/14/2024 10:40:48,Buy,MNQH4,1,21380.75,Limit,21380.75,,Filled,,1:46:49,,,,
7301603941,03/15/2024 7:30:00,03/15/2024 7:30:00,Buy,MNQH4,1,21433.5,Market,21433.5,,Filled,0:10:16,,,,,
7301603942,03/15/2024 7:30:00,,Sell,MNQH4,1,,Stop,,21425,Cancelled,,,,,,
7301603943,03/15/2024 7:30:00,03/15/2024 7:40:16,Sell,MNQH4,1,21446.75,Limit,21446.75,,Filled,,1:25:19,,,,
7301604551,03/15/2024 9:05:35,03/15/2024 9:05:35,Buy,MNQH4,1,21374.75,Market,21374.75,,Filled,0:00:47,,,,,
7301604552,03/15/2024 9:05:35,,Sell,MNQH4,1,,Stop,,21367.5,Cancelled,,,,,,
7301604553,03/15/2024 9:05:35,03/15/2024 9:06:22,Sell,MNQH4,1,21390,Limit,21390,,Filled,,1:16:28,,,,
7301604941,03/15/2024 10:22:50,03/15/2024 10:22:50,Sell,MNQH4,1,21350.25,Market,21350.25,,Filled,0:05:11,,,,,
7301604942,03/15/2024 10:22:50,03/15/2024 10:28:01,Buy,MNQH4,1,21361.25,Stop,,21361.25,Filled,,,,,,
7301604943,03/15/2024 10:22:50,,Buy,MNQH4,1,,Limit,21336,,Cancelled,,1:06:13,,,,
7301602761,03/15/2024 11:34:14,03/15/2024 11:34:14,Buy,MNQH4,1,21484.5,Market,21484.5,,Filled,0:02:43,,,,,
7301602762,03/15/2024 11:34:14,,Sell,MNQH4,1,,Stop,,21475.75,Cancelled,,,,,,
7301602763,03/15/2024 11:34:14,03/15/2024 11:36:57,Sell,MNQH4,1,21497.25,Limit,21497.25,,Filled,,1:27:48,,,,
7301604501,03/15/2024 13:04:45,03/15/2024 13:04:45,Buy,MNQH4,1,21351,Market,21351,,Filled,0:04:08,,,,,
7301604502,03/15/2024 13:04:45,03/15/2024 13:08:53,Sell,MNQH4,1,21340.75,Stop,,21340.75,Filled,,,,,,
7301604503,03/15/2024 13:04:45,,Sell,MNQH4,1,,Limit,21368.75,,Cancelled,,1:25:33,,,,
7301602751,03/18/2024 7:30:00,03/18/2024 7:30:00,Buy,MNQH4,1,21406.25,Market,21406.25,,Filled,0:07:13,,,,,
7301602752,03/18/2024 7:30:00,,Sell,MNQH4,1,,Stop,,21397.25,Cancelled,,,,,,
7301602753,03/18/2024 7:30:00,03/18/2024 7:37:13,Sell,MNQH4,1,21423.25,Limit,21423.25,,Filled,,1:14:19,,,,
7301604251,03/18/2024 8:51:32,03/18/2024 8:51:32,Sell,MNQH4,1,21436.5,Market,21436.5,,Filled,0:02:20,,,,,
7301604252,03/18/2024 8:51:32,,Buy,MNQH4,1,,Stop,,21451.5,Cancelled,,,,,,
7301604253,03/18/2024 8:51:32,03/18/2024 8:53:52,Buy,MNQH4,1,21414,Limit,21414,,Filled,,0:34:25,,,,
7301603931,03/18/2024 9:28:17,03/18/2024 9:28:17,Buy,MNQH4,1,21481.25,Market,21481.25,,Filled,0:05:15,,,,,
7301603932,03/18/2024 9:28:17,,Sell,MNQH4,1,,Stop,,21469.75,Cancelled,,,,,,
7301603933,03/18/2024 9:28:17,03/18/2024 9:33:32,Sell,MNQH4,1,21502,Limit,21502,,Filled,,1:49:50,,,,
7301604741,03/18/2024 11:23:22,03/18/2024 11:23:22,Sell,MNQH4,1,21393.25,Market,21393.25,,Filled,0:00:34,,,,,
7301604742,03/18/2024 11:23:22,,Buy,MNQH4,1,,Stop,,21403,Cancelled,,,,,,
7301604743,03/18/2024 11:23:22,03/18/2024 11:23:56,Buy,MNQH4,1,21370.75,Limit,21370.75,,Filled,,1:19:38,,,,
7301605311,03/18/2024 12:43:34,03/18/2024 12:43:34,Sell,MNQH4,1,21407.25,Market,21407.25,,Filled,0:09:08,,,,,
7301605312,03/18/2024 12:43:34,,Buy,MNQH4,1,,Stop,,21415.5,Cancelled,,,,,,
7301605313,03/18/2024 12:43:34,03/18/2024 12:52:42,Buy,MNQH4,1,21393.75,Limit,21393.75,,Filled,,1:27:27,,,,
7301605531,03/19/2024 7:30:00,03/19/2024 7:30:00,Buy,MNQH4,1,21383.25,Market,21383.25,,Filled,0:06:19,,revenge,,,
7301605532,03/19/2024 7:30:00,03/19/2024 7:36:19,Sell,MNQH4,1,21366.5,Stop,,21366.5,Filled,,,revenge,,,
7301605533,03/19/2024 7:30:00,,Sell,MNQH4,1,,Limit,21414.75,,Cancelled,,0:02:17,revenge,,,
7301602891,03/19/2024 7:38:36,03/19/2024 7:38:36,Sell,MNQH4,1,21389.5,Market,21389.5,,Filled,0:02:03,,,,,
7301602892,03/19/2024 7:38:36,03/19/2024 7:40:39,Buy,MNQH4,1,21398.75,Stop,,21398.75,Filled,,,,,,
7301602893,03/19/2024 7:38:36,,Buy,MNQH4,1,,Limit,21377.5,,Cancelled,,1:14:22,,,,
7301603581,03/19/2024 8:55:01,03/19/2024 8:55:01,Buy,MNQH4,1,21473.25,Market,21473.25,,Filled,0:08:26,,,,,
7301603582,03/19/2024 8:55:01,03/19/2024 9:03:27,Sell,MNQH4,1,21463.5,Stop,,21463.5,Filled,,,,,,
7301603583,03/19/2024 8:55:01,,Sell,MNQH4,1,,Limit,21494.25,,Cancelled,,1:37:54,,,,
7301603241,03/19/2024 10:41:21,03/19/2024 10:41:21,Buy,MNQH4,1,21442.25,Market,21442.25,,Filled,0:08:11,,,,,
7301603242,03/19/2024 10:41:21,03/19/2024 10:49:32,Sell,MNQH4,1,21424.5,Stop,,21424.5,Filled,,,,,,
7301603243,03/19/2024 10:41:21,,Sell,MNQH4,1,,Limit,21474.5,,Cancelled,,0:10:15,,,,
7301603201,03/19/2024 10:59:47,03/19/2024 10:59:47,Buy,MNQH4,1,21511,Market,21511,,Filled,0:10:18,,,,,
7301603202,03/19/2024 10:59:47,03/19/2024 11:10:05,Sell,MNQH4,1,21496,Stop,,21496,Filled,,,,,,
7301603203,03/19/2024 10:59:47,,Sell,MNQH4,1,,Limit,21531.75,,Cancelled,,0:39:37,,,,
7301605411,03/20/2024 7:30:00,03/20/2024 7:30:00,Buy,MNQH4,1,21466.25,Market,21466.25,,Filled,0:09:46,,,,,
7301605412,03/20/2024 7:30:00,,Sell,MNQH4,1,,Stop,,21451.75,Cancelled,,,,,,
7301605413,03/20/2024 7:30:00,03/20/2024 7:39:46,Sell,MNQH4,1,21487.75,Limit,21487.75,,Filled,,0:18:49,,,,
7301604831,03/20/2024 7:58:35,03/20/2024 7:58:35,Buy,MNQH4,1,21411.5,Market,21411.5,,Filled,0:00:06,,,,,
7301604832,03/20/2024 7:58:35,03/20/2024 7:58:41,Sell,MNQH4,1,21403.5,Stop,,21403.5,Filled,,,,,,
7301604833,03/20/2024 7:58:35,,Sell,MNQH4,1,,Limit,21424,,Cancelled,,0:57:59,,,,
7301603791,03/20/2024 8:56:40,03/20/2024 8:56:40,Buy,MNQH4,1,21526.75,Market,21526.75,,Filled,0:05:31,,,,,
7301603792,03/20/2024 8:56:40,,Sell,MNQH4,1,,Stop,,21518.25,Cancelled,,,,,,
7301603793,03/20/2024 8:56:40,03/20/2024 9:02:11,Sell,MNQH4,1,21541.5,Limit,21541.5,,Filled,,0:44:35,,,,
7301604591,03/20/2024 9:46:46,03/20/2024 9:46:46,Buy,MNQH4,1,21469.25,Market,21469.25,,Filled,0:08:38,,,,,
7301604592,03/20/2024 9:46:46,,Sell,MNQH4,1,,Stop,,21463.5,Cancelled,,,,,,
7301604593,03/20/2024 9:46:46,03/20/2024 9:55:24,Sell,MNQH4,1,21483.25,Limit,21483.25,,Filled,,0:15:29,,,,
7301604451,03/20/2024 10:10:53,03/20/2024 10:10:53,Buy,MNQH4,1,21356.75,Market,21356.75,,Filled,0:01:37,,,,,
7301604452,03/20/2024 10:10:53,,Sell,MNQH4,1,,Stop,,21348.5,Cancelled,,,,,,
7301604453,03/20/2024 10:10:53,03/20/2024 10:12:30,Sell,MNQH4,1,21370.75,Limit,21370.75,,Filled,,1:00:01,,,,
7301603331,03/21/2024 7:30:00,03/21/2024 7:30:00,Buy,MNQH4,1,21418.25,Market,21418.25,,Filled,0:01:31,,,,,
7301603332,03/21/2024 7:30:00,03/21/2024 7:31:31,Sell,MNQH4,1,21400,Stop,,21400,Filled,,,,,,
7301603333,03/21/2024 7:30:00,,Sell,MNQH4,1,,Limit,21445.5,,Cancelled,,0:29:06,,,,
7301605751,03/21/2024 9:56:59,03/21/2024 9:56:59,Buy,MNQH4,1,21484.25,Market,21484.25,,Filled,0:08:07,,revenge,,,
7301605752,03/21/2024 9:56:59,03/21/2024 10:05:06,Sell,MNQH4,1,21469,Stop,,21469,Filled,,,revenge,,,
7301605753,03/21/2024 9:56:59,,Sell,MNQH4,1,,Limit,21508,,Cancelled,,0:02:57,revenge,,,
7301604301,03/21/2024 10:08:03,03/21/2024 10:08:03,Sell,MNQH4,1,21407.5,Market,21407.5,,Filled,0:01:53,,,,,
7301604302,03/21/2024 10:08:03,03/21/2024 10:09:56,Buy,MNQH4,1,21420.75,Stop,,21420.75,Filled,,,,,,
7301604303,03/21/2024 10:08:03,,Buy,MNQH4,1,,Limit,21379.25,,Cancelled,,0:46:41,,,,
7301604191,03/21/2024 10:56:37,03/21/2024 10:56:37,Sell,MNQH4,1,21465.5,Market,21465.5,,Filled,0:08:39,,,,,
7301604192,03/21/2024 10:56:37,03/21/2024 11:05:16,Buy,MNQH4,1,21484.5,Stop,,21484.5,Filled,,,,,,
7301604193,03/21/2024 10:56:37,,Buy,MNQH4,1,,Limit,21435,,Cancelled,,0:32:53,,,,
7301604311,03/22/2024 7:30:00,03/22/2024 7:30:00,Buy,MNQH4,1,21440.75,Market,21440.75,,Filled,0:08:54,,,,,
7301604312,03/22/2024 7:30:00,03/22/2024 7:38:54,Sell,MNQH4,1,21429.25,Stop,,21429.25,Filled,,,,,,
7301604313,03/22/2024 7:30:00,,Sell,MNQH4,1,,Limit,21466.25,,Cancelled,,0:17:20,,,,
7301603341,03/22/2024 7:56:14,03/22/2024 7:56:14,Buy,MNQH4,1,21394.25,Market,21394.25,,Filled,0:06:21,,,,,
7301603342,03/22/2024 7:56:14,03/22/2024 8:02:35,Sell,MNQH4,1,21383.75,Stop,,21383.75,Filled,,,,,,
7301603343,03/22/2024 7:56:14,,Sell,MNQH4,1,,Limit,21419.25,,Cancelled,,0:35:29,,,,
7301604171,03/22/2024 8:38:04,03/22/2024 8:38:04,Buy,MNQH4,1,21427.75,Market,21427.75,,Filled,0:00:43,,,,,
7301604172,03/22/2024 8:38:04,,Sell,MNQH4,1,,Stop,,21414.5,Cancelled,,,,,,
7301604173,03/22/2024 8:38:04,03/22/2024 8:38:47,Sell,MNQH4,1,21450.5,Limit,21450.5,,Filled,,0:51:57,,,,
7301602911,03/22/2024 9:30:44,03/22/2024 9:30:44,Sell,MNQH4,1,21442.25,Market,21442.25,,Filled,0:01:18,,,,,
7301602912,03/22/2024 9:30:44,,Buy,MNQH4,1,,Stop,,21455,Cancelled,,,,,,
7301602913,03/22/2024 9:30:44,03/22/2024 9:32:02,Buy,MNQH4,1,21421.5,Limit,21421.5,,Filled,,1:11:31,,,,
7301603871,03/22/2024 10:43:33,03/22/2024 10:43:33,Sell,MNQH4,1,21402,Market,21402,,Filled,0:09:27,,,,,
7301603872,03/22/2024 10:43:33,03/22/2024 10:53:00,Buy,MNQH4,1,21415.75,Stop,,21415.75,Filled,,,,,,
7301603873,03/22/2024 10:43:33,,Buy,MNQH4,1,,Limit,21374.5,,Cancelled,,0:24:55,,,,
7301603361,03/25/2024 7:30:00,03/25/2024 7:30:00,Sell,MNQH4,1,21468.25,Market,21468.25,,Filled,0:09:07,,,,,
7301603362,03/25/2024 7:30:00,,Buy,MNQH4,1,,Stop,,21478.5,Cancelled,,,,,,
7301603363,03/25/2024 7:30:00,03/25/2024 7:39:07,Buy,MNQH4,1,21446.75,Limit,21446.75,,Filled,,0:58:09,,,,
7301604821,03/25/2024 8:37:16,03/25/2024 8:37:16,Sell,MNQH4,1,21455,Market,21455,,Filled,0:08:34,,,,,
7301604822,03/25/2024 8:37:16,03/25/2024 8:45:50,Buy,MNQH4,1,21465.75,Stop,,21465.75,Filled,,,,,,
7301604823,03/25/2024 8:37:16,,Buy,MNQH4,1,,Limit,21434.5,,Cancelled,,0:25:18,,,,
7301604231,03/25/2024 9:11:08,03/25/2024 9:11:08,Buy,MNQH4,1,21407.75,Market,21407.75,,Filled,0:02:39,,,,,
7301604232,03/25/2024 9:11:08,03/25/2024 9:13:47,Sell,MNQH4,1,21390,Stop,,21390,Filled,,,,,,
7301604233,03/25/2024 9:11:08,,Sell,MNQH4,1,,Limit,21444.5,,Cancelled,,0:23:45,,,,
7301603601,03/25/2024 9:37:32,03/25/2024 9:37:32,Buy,MNQH4,1,21443.5,Market,21443.5,,Filled,0:10:17,,,,,
7301603602,03/25/2024 9:37:32,,Sell,MNQH4,1,,Stop,,21437.5,Cancelled,,,,,,
7301603603,03/25/2024 9:37:32,03/25/2024 9:47:49,Sell,MNQH4,1,21458,Limit,21458,,Filled,,0:45:13,,,,
7301605771,03/25/2024 10:33:02,03/25/2024 10:33:02,Sell,MNQH4,1,21423.75,Market,21423.75,,Filled,0:08:49,,,excessive,,
7301605772,03/25/2024 10:33:02,,Buy,MNQH4,1,,Stop,,21447,Cancelled,,,,excessive,,
7301605773,03/25/2024 10:33:02,03/25/2024 10:41:51,Buy,MNQH4,1,21404.25,Limit,21404.25,,Filled,,1:24:01,,excessive,,
7301604091,03/26/2024 9:24:29,03/26/2024 9:24:29,Sell,MNQH4,1,21520.75,Market,21520.75,,Filled,0:04:06,,,,,
7301604092,03/26/2024 9:24:29,,Buy,MNQH4,1,,Stop,,21528.75,Cancelled,,,,,,
7301604093,03/26/2024 9:24:29,03/26/2024 9:28:35,Buy,MNQH4,1,21505.5,Limit,21505.5,,Filled,,1:39:42,,,,
7301602901,03/26/2024 11:08:17,03/26/2024 11:08:17,Buy,MNQH4,1,21475.5,Market,21475.5,,Filled,0:00:36,,,,,
7301602902,03/26/2024 11:08:17,,Sell,MNQH4,1,,Stop,,21462.75,Cancelled,,,,,,
7301602903,03/26/2024 11:08:17,03/26/2024 11:08:53,Sell,MNQH4,1,21497.75,Limit,21497.75,,Filled,,0:09:33,,,,
7301603031,03/26/2024 11:18:26,03/26/2024 11:18:26,Sell,MNQH4,1,21366.25,Market,21366.25,,Filled,0:10:59,,,,,
7301603032,03/26/2024 11:18:26,03/26/2024 11:29:25,Buy,MNQH4,1,21381.5,Stop,,21381.5,Filled,,,,,,
7301603033,03/26/2024 11:18:26,,Buy,MNQH4,1,,Limit,21335.5,,Cancelled,,1:05:29,,,,
7301604661,03/26/2024 12:34:54,03/26/2024 12:34:54,Sell,MNQH4,1,21431.5,Market,21431.5,,Filled,0:02:25,,,,,
7301604662,03/26/2024 12:34:54,,Buy,MNQH4,1,,Stop,,21439,Cancelled,,,,,,
7301604663,03/26/2024 12:34:54,03/26/2024 12:37:19,Buy,MNQH4,1,21416.75,Limit,21416.75,,Filled,,1:39:17,,,,
7301604331,03/27/2024 7:30:00,03/27/2024 7:30:00,Sell,MNQH4,1,21416.75,Market,21416.75,,Filled,0:06:05,,,,,
7301604332,03/27/2024 7:30:00,,Buy,MNQH4,1,,Stop,,21423.5,Cancelled,,,,,,
7301604333,03/27/2024 7:30:00,03/27/2024 7:36:05,Buy,MNQH4,1,21403.5,Limit,21403.5,,Filled,,1:49:01,,,,
7301603641,03/27/2024 9:25:06,03/27/2024 9:25:06,Sell,MNQH4,1,21498,Market,21498,,Filled,0:08:56,,,,,
7301603642,03/27/2024 9:25:06,,Buy,MNQH4,1,,Stop,,21505.5,Cancelled,,,,,,
7301603643,03/27/2024 9:25:06,03/27/2024 9:34:02,Buy,MNQH4,1,21484.5,Limit,21484.5,,Filled,,0:24:43,,,,
7301603651,03/27/2024 9:58:45,03/27/2024 9:58:45,Buy,MNQH4,1,21466.5,Market,21466.5,,Filled,0:00:38,,,,,
7301603652,03/27/2024 9:58:45,03/27/2024 9:59:23,Sell,MNQH4,1,21454.25,Stop,,21454.25,Filled,,,,,,
7301603653,03/27/2024 9:58:45,,Sell,MNQH4,1,,Limit,21484.75,,Cancelled,,0:21:01,,,,
7301604411,03/27/2024 10:20:24,03/27/2024 10:20:24,Buy,MNQH4,1,21442.5,Market,21442.5,,Filled,0:09:11,,,,,
7301604412,03/27/2024 10:20:24,03/27/2024 10:29:35,Sell,MNQH4,1,21426.25,Stop,,21426.25,Filled,,,,,,
7301604413,03/27/2024 10:20:24,,Sell,MNQH4,1,,Limit,21466.25,,Cancelled,,1:39:18,,,,
7301603521,03/27/2024 12:08:53,03/27/2024 12:08:53,Sell,MNQH4,1,21523.5,Market,21523.5,,Filled,0:04:20,,,,,
7301603522,03/27/2024 12:08:53,,Buy,MNQH4,1,,Stop,,21531,Cancelled,,,,,,
7301603523,03/27/2024 12:08:53,03/27/2024 12:13:13,Buy,MNQH4,1,21505.75,Limit,21505.75,,Filled,,1:47:08,,,,
7301604221,03/28/2024 7:30:00,03/28/2024 7:30:00,Sell,MNQH4,1,21444.75,Market,21444.75,,Filled,0:07:37,,,,,
7301604222,03/28/2024 7:30:00,03/28/2024 7:37:37,Buy,MNQH4,1,21453,Stop,,21453,Filled,,,,,,
7301604223,03/28/2024 7:30:00,,Buy,MNQH4,1,,Limit,21425.25,,Cancelled,,0:08:15,,,,
7301602921,03/28/2024 7:45:52,03/28/2024 7:45:52,Buy,MNQH4,1,21454,Market,21454,,Filled,0:00:22,,,,,
7301602922,03/28/2024 7:45:52,,Sell,MNQH4,1,,Stop,,21446,Cancelled,,,,,,
7301602923,03/28/2024 7:45:52,03/28/2024 7:46:14,Sell,MNQH4,1,21470.75,Limit,21470.75,,Filled,,1:40:41,,,,
7301603551,03/28/2024 9:26:55,03/28/2024 9:26:55,Sell,MNQH4,1,21351.75,Market,21351.75,,Filled,0:06:49,,,,,
7301603552,03/28/2024 9:26:55,,Buy,MNQH4,1,,Stop,,21362.5,Cancelled,,,,,,
7301603553,03/28/2024 9:26:55,03/28/2024 9:33:44,Buy,MNQH4,1,21335.25,Limit,21335.25,,Filled,,0:40:05,,,,
7301605501,03/28/2024 10:13:49,03/28/2024 10:13:49,Buy,MNQH4,1,21506.5,Market,21506.5,,Filled,0:05:08,,,,,
7301605502,03/28/2024 10:13:49,,Sell,MNQH4,1,,Stop,,21492.25,Cancelled,,,,,,
7301605503,03/28/2024 10:13:49,03/28/2024 10:18:57,Sell,MNQH4,1,21528.5,Limit,21528.5,,Filled,,1:12:00,,,,
7301605471,03/28/2024 11:30:57,03/28/2024 11:30:57,Buy,MNQH4,1,21384.25,Market,21384.25,,Filled,0:05:07,,,,,
7301605472,03/28/2024 11:30:57,03/28/2024 11:36:04,Sell,MNQH4,1,21366.75,Stop,,21366.75,Filled,,,,,,
7301605473,03/28/2024 11:30:57,,Sell,MNQH4,1,,Limit,21424.25,,Cancelled,,1:16:05,,,,
7301605651,03/29/2024 7:30:00,03/29/2024 7:30:00,Sell,MNQH4,1,21452.25,Market,21452.25,,Filled,0:03:44,,revenge,,,
7301605652,03/29/2024 7:30:00,03/29/2024 7:33:44,Buy,MNQH4,1,21467,Stop,,21467,Filled,,,revenge,,,
7301605653,03/29/2024 7:30:00,,Buy,MNQH4,1,,Limit,21431.25,,Cancelled,,0:02:12,revenge,,,