orderId,Account,Order ID,B/S,Contract,Product,Product Description,avgPrice,filledQty,Fill Time,lastCommandId,Status,_priceFormat,_priceFormatType,_tickSize,spreadDefinitionId,Version ID,Timestamp,Date,Quantity,Text,Type,Limit Price,Stop Price,decimalLimit,decimalStop,Filled Qty,Avg Fill Price,decimalFillAvg
6301600104,375145,6301600104, Buy,MNQZ4,MNQ,Micro E-mini NASDAQ-100,,,,6301600104, Canceled,-2,0,0.25,,6301600104,12/03/2024 10:51:32,12/3/24,1,, Limit,21179.75,,21179.75,,,,
6301600111,375145,6301600111, Buy,MNQZ4,MNQ,Micro E-mini NASDAQ-100,21180.0,1,12/03/2024 10:52:02,6301600111, Filled,-2,0,0.25,,6301600111,12/03/2024 10:52:01,12/3/24,1,, Limit,21180.00,,21180.0,,1,21180.00,21180.0
6301600122,375145,6301600122, Sell,MNQZ4,MNQ,Micro E-mini NASDAQ-100,21171.75,1,12/03/2024 10:52:15,6301600128, Filled,-2,0,0.25,,6301600128,12/03/2024 10:52:10,12/3/24,1,, Stop,,21172.00,,21172.0,1,21171.75,21171.75
6301600124,375145,6301600124, Sell,MNQZ4,MNQ,Micro E-mini NASDAQ-100,,,,6301600124, Canceled,-2,0,0.25,,6301600124,12/03/2024 10:52:02,12/3/24,1,, Limit,21190.25,,21190.25,,,,
6301600145,375145,6301600145, Buy,MNQZ4,MNQ,Micro E-mini NASDAQ-100,21205.5,1,12/03/2024 11:47:04,6301600145, Filled,-2,0,0.25,,6301600145,12/03/2024 11:47:04,12/3/24,1,, Stop,,21205.50,,21205.5,1,21205.50,21205.5
6301600154,375145,6301600154, Sell,MNQZ4,MNQ,Micro E-mini NASDAQ-100,,,,6301600170, Canceled,-2,0,0.25,,6301600170,12/03/2024 11:49:28,12/3/24,1,, Stop,,21202.25,,21202.25,,,
6301600156,375145,6301600156, Sell,MNQZ4,MNQ,Micro E-mini NASDAQ-100,21218.0,1,12/03/2024 11:49:43,6301600165, Filled,-2,0,0.25,,6301600165,12/03/2024 11:47:13,12/3/24,1,, Limit,21218.00,,21218.0,,1,21218.00,21218.0
6301600192,375145,6301600192, Buy,NQZ4,NQ,E-Mini NASDAQ 100,,,,6301600192, Rejected,-2,0,0.25,,6301600192,12/04/2024 09:35:27,12/4/24,1,, Stop,,21414.25,,21414.25,,,
6301600194,375145,6301600194, Buy,NQZ4,NQ,E-Mini NASDAQ 100,,,,6301600194, Rejected,-2,0,0.25,,6301600194,12/04/2024 09:35:37,12/4/24,1,, Stop,,21414.75,,21414.75,,,
6301600196,375145,6301600196, Buy,MNQZ4,MNQ,Micro E-mini NASDAQ-100,21415.5,1,12/04/2024 09:35:54,6301600196, Filled,-2,0,0.25,,6301600196,12/04/2024 09:35:54,12/4/24,1,, Market,,,,,1,21415.50,21415.5
6301600205,375145,6301600205, Sell,MNQZ4,MNQ,Micro E-mini NASDAQ-100,21416.5,1,12/04/2024 09:37:14,6301600236, Filled,-2,0,0.25,,6301600236,12/04/2024 09:37:12,12/4/24,1,, Stop,,21416.50,,21416.5,1,21416.50,21416.5
6301600207,375145,6301600207, Sell,MNQZ4,MNQ,Micro E-mini NASDAQ-100,,,,6301600216, Canceled,-2,0,0.25,,6301600216,12/04/2024 09:36:00,12/4/24,1,, Limit,21431.75,,21431.75,,,,
6301600258,375145,6301600258, Sell,MNQZ4,MNQ,Micro E-mini NASDAQ-100,,,,6301600258, Canceled,-2,0,0.25,,6301600258,12/05/2024 14:45:55,12/5/24,1,, Limit,21496.75,,21496.75,,,,
6301600268,375145,6301600268, Buy,MNQZ4,MNQ,Micro E-mini NASDAQ-100,21651.5,1,12/06/2024 13:52:02,6301600268, Filled,-2,0,0.25,,6301600268,12/06/2024 13:51:58,12/6/24,1,, Stop,,21651.50,,21651.5,1,21651.50,21651.5
6301600278,375145,6301600278, Sell,MNQZ4,MNQ,Micro E-mini NASDAQ-100,,,,6301600334, Canceled,-2,0,0.25,,6301600334,12/06/2024 13:59:02,12/6/24,1,, Stop,,21652.50,,21652.5,,,
6301600280,375145,6301600280, Sell,MNQZ4,MNQ,Micro E-mini NASDAQ-100,21657.5,1,12/06/2024 13:59:15,6301600289, Filled,-2,0,0.25,,6301600289,12/06/2024 13:52:27,12/6/24,1,, Limit,21657.50,,21657.5,,1,21657.50,21657.5
6301600356,375145,6301600356, Buy,MNQZ4,MNQ,Micro E-mini NASDAQ-100,,,,6301600356, Canceled,-2,0,0.25,,6301600356,12/10/2024 12:14:04,12/10/24,1,, Stop,,21464.00,,21464.0,,,
6301600366,375145,6301600366, Buy,NQZ4,NQ,E-Mini NASDAQ 100,,,,6301600366, Rejected,-2,0,0.25,,6301600366,12/11/2024 14:53:55,12/11/24,1,, Stop,,21796.25,,21796.25,,,
6301600371,375145,6301600371, Buy,MNQZ4,MNQ,Micro E-mini NASDAQ-100,21675.25,1,12/12/2024 09:40:02,6301600371, Filled,-2,0,0.25,,6301600371,12/12/2024 09:40:02,12/12/24,1,, Limit,21677.00,,21677.0,,1,21675.25,21675.25
6301600381,375145,6301600381, Sell,MNQZ4,MNQ,Micro E-mini NASDAQ-100,21676.0,1,12/12/2024 09:42:08,6301600407, Filled,-2,0,0.25,,6301600407,12/12/2024 09:42:06,12/12/24,1,, Stop,,21676.00,,21676.0,1,21676.00,21676.0
6301600383,375145,6301600383, Sell,MNQZ4,MNQ,Micro E-mini NASDAQ-100,,,,6301600397, Canceled,-2,0,0.25,,6301600397,12/12/2024 09:40:23,12/12/24,1,, Limit,21688.50,,21688.5,,,,
6301600424,375145,6301600424, Buy,MNQZ4,MNQ,Micro E-mini NASDAQ-100,21667.75,1,12/12/2024 10:09:06,6301600424, Filled,-2,0,0.25,,6301600424,12/12/2024 10:08:56,12/12/24,1,, Limit,21667.75,,21667.75,,1,21667.75,21667.75
6301600433,375145,6301600433, Sell,MNQZ4,MNQ,Micro E-mini NASDAQ-100,21659.0,1,12/12/2024 10:09:19,6301600439, Filled,-2,0,0.25,,6301600439,12/12/2024 10:09:15,12/12/24,1,, Stop,,21659.00,,21659.0,1,21659.00,21659.0
6301600435,375145,6301600435, Sell,MNQZ4,MNQ,Micro E-mini NASDAQ-100,,,,6301600435, Canceled,-2,0,0.25,,6301600435,12/12/2024 10:09:06,12/12/24,1,, Limit,21678.00,,21678.0,,,,
6301600456,375145,6301600456, Buy,MNQZ4,MNQ,Micro E-mini NASDAQ-100,21636.25,1,12/12/2024 10:16:39,6301600456, Filled,-2,0,0.25,,6301600456,12/12/2024 10:16:39,12/12/24,1,, Market,,,,,1,21636.25,21636.25
6301600465,375145,6301600465, Sell,MNQZ4,MNQ,Micro E-mini NASDAQ-100,,,,6301600491, Canceled,-2,0,0.25,,6301600491,12/12/2024 10:17:47,12/12/24,1,, Stop,,21632.50,,21632.5,,,
6301600467,375145,6301600467, Sell,MNQZ4,MNQ,Micro E-mini NASDAQ-100,21649.25,1,12/12/2024 10:17:47,6301600476, Filled,-2,0,0.25,,6301600476,12/12/2024 10:16:44,12/12/24,1,, Limit,21649.25,,21649.25,,1,21649.25,21649.25
6301600508,375145,6301600508, Buy,MNQZ4,MNQ,Micro E-mini NASDAQ-100,21703.75,1,12/12/2024 10:42:02,6301600508, Filled,-2,0,0.25,,6301600508,12/12/2024 10:42:02,12/12/24,1,, Limit,21704.50,,21704.5,,1,21703.75,21703.75
6301600517,375145,6301600517, Sell,MNQZ4,MNQ,Micro E-mini NASDAQ-100,,,,6301600538, Canceled,-2,0,0.25,,6301600538,12/12/2024 10:48:35,12/12/24,1,, Stop,,21697.75,,21697.75,,,
6301600519,375145,6301600519, Sell,MNQZ4,MNQ,Micro E-mini NASDAQ-100,,,,6301600543, Canceled,-2,0,0.25,,6301600543,12/12/2024 10:48:47,12/12/24,1,, Limit,21716.75,,21716.75,,,,
6301600556,375145,6301600556, Sell,MNQZ4,MNQ,Micro E-mini NASDAQ-100,21714.0,1,12/12/2024 10:48:52,6301600556, Filled,-2,0,0.25,,6301600556,12/12/2024 10:48:52,12/12/24,1,, Market,,,,,1,21714.00,21714.0
6301600572,375145,6301600572, Sell,MNQZ4,MNQ,Micro E-mini NASDAQ-100,21814.75,1,12/13/2024 09:36:01,6301600572, Filled,-2,0,0.25,,6301600572,12/13/2024 09:36:01,12/13/24,1,, Limit,21813.50,,21813.5,,1,21814.75,21814.75
6301600581,375145,6301600581, Buy,MNQZ4,MNQ,Micro E-mini NASDAQ-100,21824.75,1,12/13/2024 09:36:15,6301600581, Filled,-2,0,0.25,,6301600581,12/13/2024 09:36:02,12/13/24,1,, Stop,,21824.75,,21824.75,1,21824.75,21824.75
6301600583,375145,6301600583, Buy,MNQZ4,MNQ,Micro E-mini NASDAQ-100,,,,6301600587, Canceled,-2,0,0.25,,6301600587,12/13/2024 09:36:05,12/13/24,1,, Limit,21805.25,,21805.25,,,,
6301600604,375145,6301600604, Buy,MNQZ4,MNQ,Micro E-mini NASDAQ-100,21879.0,1,12/13/2024 09:59:40,6301600604, Filled,-2,0,0.25,,6301600604,12/13/2024 09:59:35,12/13/24,1,, Limit,21879.00,,21879.0,,1,21879.00,21879.0
6301600613,375145,6301600613, Sell,MNQZ4,MNQ,Micro E-mini NASDAQ-100,21867.0,1,12/13/2024 10:01:07,6301600619, Filled,-2,0,0.25,,6301600619,12/13/2024 09:59:42,12/13/24,1,, Stop,,21867.00,,21867.0,1,21867.00,21867.0
6301600615,375145,6301600615, Sell,MNQZ4,MNQ,Micro E-mini NASDAQ-100,,,,6301600624, Canceled,-2,0,0.25,,6301600624,12/13/2024 09:59:44,12/13/24,1,, Limit,21894.50,,21894.5,,,,
6301600641,375145,6301600641, Sell,MNQZ4,MNQ,Micro E-mini NASDAQ-100,21866.5,1,12/13/2024 10:05:19,6301600641, Filled,-2,0,0.25,,6301600641,12/13/2024 10:05:19,12/13/24,1,, Limit,21866.50,,21866.5,,1,21866.50,21866.5
6301600650,375145,6301600650, Buy,MNQZ4,MNQ,Micro E-mini NASDAQ-100,,,,6301600656, Canceled,-2,0,0.25,,6301600656,12/13/2024 10:05:22,12/13/24,1,, Stop,,21874.75,,21874.75,,,
6301600652,375145,6301600652, Buy,MNQZ4,MNQ,Micro E-mini NASDAQ-100,21854.0,1,12/13/2024 10:06:02,6301600661, Filled,-2,0,0.25,,6301600661,12/13/2024 10:05:27,12/13/24,1,, Limit,21854.00,,21854.0,,1,21854.00,21854.0
6301600678,375145,6301600678, Buy,MNQZ4,MNQ,Micro E-mini NASDAQ-100,,,,6301600678, Canceled,-2,0,0.25,,6301600678,12/13/2024 11:05:31,12/13/24,1,, Limit,21679.25,,21679.25,,,,
6301600685,375145,6301600685, Buy,MNQZ4,MNQ,Micro E-mini NASDAQ-100,21685.25,1,12/13/2024 11:05:58,6301600685, Filled,-2,0,0.25,,6301600685,12/13/2024 11:05:58,12/13/24,1,, Market,,,,,1,21685.25,21685.25
6301600694,375145,6301600694, Sell,MNQZ4,MNQ,Micro E-mini NASDAQ-100,,,,6301600710, Canceled,-2,0,0.25,,6301600710,12/13/2024 11:06:20,12/13/24,1,, Stop,,21686.00,,21686.0,,,
6301600696,375145,6301600696, Sell,MNQZ4,MNQ,Micro E-mini NASDAQ-100,21695.5,1,12/13/2024 11:06:24,6301600696, Filled,-2,0,0.25,,6301600696,12/13/2024 11:05:58,12/13/24,1,, Limit,21695.50,,21695.5,,1,21695.50,21695.5
6301600727,375145,6301600727, Buy,MNQZ4,MNQ,Micro E-mini NASDAQ-100,,,,6301600727, Canceled,-2,0,0.25,,6301600727,12/13/2024 12:19:55,12/13/24,1,, Limit,21723.00,,21723.0,,,,
6301600734,375145,6301600734, Sell,MNQZ4,MNQ,Micro E-mini NASDAQ-100,,,,6301600734, Canceled,-2,0,0.25,,6301600734,12/13/2024 14:33:32,12/13/24,1,, Stop,,21804.50,,21804.5,,,
6301600741,375145,6301600741, Sell,MNQZ4,MNQ,Micro E-mini NASDAQ-100,21804.25,1,12/13/2024 14:36:23,6301600741, Filled,-2,0,0.25,,6301600741,12/13/2024 14:36:20,12/13/24,1,, Stop,,21804.50,,21804.5,1,21804.25,21804.25
6301600750,375145,6301600750, Buy,MNQZ4,MNQ,Micro E-mini NASDAQ-100,21803.5,1,12/13/2024 14:38:12,6301600771, Filled,-2,0,0.25,,6301600771,12/13/2024 14:37:51,12/13/24,1,, Stop,,21803.25,,21803.25,1,21803.50,21803.5
6301600752,375145,6301600752, Buy,MNQZ4,MNQ,Micro E-mini NASDAQ-100,,,,6301600756, Canceled,-2,0,0.25,,6301600756,12/13/2024 14:37:01,12/13/24,1,, Limit,21794.50,,21794.5,,,,
6301600788,375145,6301600788, Buy,MNQZ4,MNQ,Micro E-mini NASDAQ-100,,,,6301600788, Canceled,-2,0,0.25,,6301600788,12/13/2024 15:45:50,12/13/24,1,, Limit,21801.50,,21801.5,,,,
6301600795,375145,6301600795, Buy,MNQZ4,MNQ,Micro E-mini NASDAQ-100,,,,6301600795, Rejected,-2,0,0.25,,6301600795,12/13/2024 15:55:00,12/13/24,1,, Stop,,21798.00,,21798.0,,,
6301600798,375145,6301600798, Buy,MNQZ4,MNQ,Micro E-mini NASDAQ-100,,,,6301600798, Canceled,-2,0,0.25,,6301600798,12/13/2024 15:56:00,12/13/24,1,, Stop,,21797.75,,21797.75,,,
6301600811,375145,6301600811, Buy,NQH5,NQ,E-Mini NASDAQ 100,22258.75,1,12/17/2024 10:32:43,6301600811, Filled,-2,0,0.25,,6301600811,12/17/2024 10:32:42,12/17/24,1,, Limit,22258.75,,22258.75,,1,22258.75,22258.75
6301600822,375145,6301600822, Sell,NQH5,NQ,E-Mini NASDAQ 100,22259.25,1,12/17/2024 10:35:35,6301600863, Filled,-2,0,0.25,,6301600863,12/17/2024 10:35:10,12/17/24,1,, Stop,,22259.50,,22259.5,1,22259.25,22259.25
6301600825,375145,6301600825, Sell,NQH5,NQ,E-Mini NASDAQ 100,,,,6301600838, Canceled,-2,0,0.25,,6301600838,12/17/2024 10:32:53,12/17/24,1,, Limit,22271.75,,22271.75,,,,
6301600885,375145,6301600885, Buy,NQH5,NQ,E-Mini NASDAQ 100,22263.5,1,12/18/2024 11:21:20,6301600885, Filled,-2,0,0.25,,6301600885,12/18/2024 11:21:11,12/18/24,1,, Stop,,22263.25,,22263.25,1,22263.50,22263.5
6301600894,375145,6301600894, Sell,NQH5,NQ,E-Mini NASDAQ 100,22253.5,1,12/18/2024 11:21:28,6301600894, Filled,-2,0,0.25,,6301600894,12/18/2024 11:21:21,12/18/24,1,, Stop,,22253.50,,22253.5,1,22253.50,22253.5
6301600896,375145,6301600896, Sell,NQH5,NQ,E-Mini NASDAQ 100,,,,6301600896, Canceled,-2,0,0.25,,6301600896,12/18/2024 11:21:21,12/18/24,1,, Limit,22273.75,,22273.75,,,,
6301600912,375145,6301600912, Buy,NQH5,NQ,E-Mini NASDAQ 100,22263.25,1,12/18/2024 11:22:41,6301600912, Filled,-2,0,0.25,,6301600912,12/18/2024 11:22:40,12/18/24,1,, Stop,,22263.25,,22263.25,1,22263.25,22263.25
6301600921,375145,6301600921, Sell,NQH5,NQ,E-Mini NASDAQ 100,,,,6301600942, Canceled,-2,0,0.25,,6301600942,12/18/2024 11:25:01,12/18/24,1,, Stop,,22253.00,,22253.0,,,
6301600923,375145,6301600923, Sell,NQH5,NQ,E-Mini NASDAQ 100,22275.0,1,12/18/2024 11:25:20,6301600937, Filled,-2,0,0.25,,6301600937,12/18/2024 11:23:43,12/18/24,1,, Limit,22275.00,,22275.0,,1,22275.00,22275.0
6301600959,375145,6301600959, Buy,MNQH5,MNQ,Micro E-mini NASDAQ-100,21817.5,2,12/18/2024 15:23:03,6301600959, Filled,-2,0,0.25,,6301600959,12/18/2024 15:22:53,12/18/24,2,, Limit,21817.50,,21817.5,,2,21817.50,21817.5
6301600969,375145,6301600969, Sell,MNQH5,MNQ,Micro E-mini NASDAQ-100,21778.25,2,12/18/2024 15:25:28,6301600990, Filled,-2,0,0.25,,6301600990,12/18/2024 15:24:10,12/18/24,2,, Stop,,21778.50,,21778.5,2,21778.25,21778.25
6301600971,375145,6301600971, Sell,MNQH5,MNQ,Micro E-mini NASDAQ-100,,,,6301600980, Canceled,-2,0,0.25,,6301600980,12/18/2024 15:23:09,12/18/24,2,, Limit,21860.50,,21860.5,,,,
6301601007,375145,6301601007, Buy,MNQH5,MNQ,Micro E-mini NASDAQ-100,21738.75,2,12/18/2024 15:30:51,6301601020, Filled,-2,0,0.25,,6301601020,12/18/2024 15:30:40,12/18/24,2,, Limit,21738.75,,21738.75,,2,21738.75,21738.75
6301601031,375145,6301601031, Sell,MNQH5,MNQ,Micro E-mini NASDAQ-100,21710.75,2,12/18/2024 15:32:13,6301601047, Filled,-2,0,0.25,,6301601047,12/18/2024 15:32:12,12/18/24,2,, Stop,,21711.00,,21711.0,2,21710.75,21710.75
6301601033,375145,6301601033, Sell,MNQH5,MNQ,Micro E-mini NASDAQ-100,,,,6301601042, Canceled,-2,0,0.25,,6301601042,12/18/2024 15:30:56,12/18/24,2,, Limit,21762.75,,21762.75,,,,
6301601064,375145,6301601064, Buy,MNQH5,MNQ,Micro E-mini NASDAQ-100,21589.5,1,12/18/2024 15:38:42,6301601064, Filled,-2,0,0.25,,6301601064,12/18/2024 15:38:42,12/18/24,1,, Limit,21590.00,,21590.0,,1,21589.50,21589.5
6301601073,375145,6301601073, Sell,MNQH5,MNQ,Micro E-mini NASDAQ-100,21569.0,1,12/18/2024 15:38:47,6301601073, Filled,-2,0,0.25,,6301601073,12/18/2024 15:38:42,12/18/24,1,, Stop,,21569.50,,21569.5,1,21569.00,21569.0
6301601075,375145,6301601075, Sell,MNQH5,MNQ,Micro E-mini NASDAQ-100,,,,6301601075, Canceled,-2,0,0.25,,6301601075,12/18/2024 15:38:42,12/18/24,1,, Limit,21609.75,,21609.75,,,,
6301601091,375145,6301601091, Buy,MNQH5,MNQ,Micro E-mini NASDAQ-100,21523.5,2,12/18/2024 15:41:01,6301601091, Filled,-2,0,0.25,,6301601091,12/18/2024 15:41:01,12/18/24,2,, Market,,,,,2,21523.50,21523.5
6301601100,375145,6301601100, Sell,MNQH5,MNQ,Micro E-mini NASDAQ-100,21486.875,2,12/18/2024 15:41:20,6301601116, Filled,-2,0,0.25,,6301601116,12/18/2024 15:41:15,12/18/24,2,, Stop,,21487.25,,21487.25,2,21486.88,21486.875
6301601102,375145,6301601102, Sell,MNQH5,MNQ,Micro E-mini NASDAQ-100,,,,6301601137, Canceled,-2,0,0.25,,6301601137,12/18/2024 15:41:20,12/18/24,1,, Limit,21543.75,,21543.75,,,,
6301601148,375145,6301601148, Buy,MNQH5,MNQ,Micro E-mini NASDAQ-100,21525.625,2,12/18/2024 15:42:08,6301601148, Filled,-2,0,0.25,,6301601148,12/18/2024 15:42:08,12/18/24,2,, Market,,,,,2,21525.63,21525.625
6301601163,375145,6301601163, Sell,MNQH5,MNQ,Micro E-mini NASDAQ-100,21498.75,2,12/18/2024 15:42:49,6301601193, Filled,-2,0,0.25,,6301601193,12/18/2024 15:42:44,12/18/24,2,, Stop,,21499.00,,21499.0,2,21498.75,21498.75
6301601165,375145,6301601165, Sell,MNQH5,MNQ,Micro E-mini NASDAQ-100,,,,6301601165, Canceled,-2,0,0.25,,6301601165,12/18/2024 15:42:08,12/18/24,2,, Limit,21545.75,,21545.75,,,,
6301601212,375145,6301601212, Buy,MNQH5,MNQ,Micro E-mini NASDAQ-100,21502.75,2,12/18/2024 15:43:04,6301601212, Filled,-2,0,0.25,,6301601212,12/18/2024 15:43:04,12/18/24,2,, Market,,,,,2,21502.75,21502.75
6301601221,375145,6301601221, Sell,MNQH5,MNQ,Micro E-mini NASDAQ-100,21481.0,2,12/18/2024 15:43:26,6301601232, Filled,-2,0,0.25,,6301601232,12/18/2024 15:43:10,12/18/24,2,, Stop,,21481.50,,21481.5,2,21481.00,21481.0
6301601223,375145,6301601223, Sell,MNQH5,MNQ,Micro E-mini NASDAQ-100,,,,6301601237, Canceled,-2,0,0.25,,6301601237,12/18/2024 15:43:15,12/18/24,2,, Limit,21530.75,,21530.75,,,,
6301601254,375145,6301601254, Sell,MNQH5,MNQ,Micro E-mini NASDAQ-100,21495.375,2,12/18/2024 15:44:05,6301601254, Filled,-2,0,0.25,,6301601254,12/18/2024 15:44:05,12/18/24,2,, Market,,,,,2,21495.38,21495.375
6301601269,375145,6301601269, Buy,MNQH5,MNQ,Micro E-mini NASDAQ-100,,,,6301601275, Canceled,-2,0,0.25,,6301601275,12/18/2024 15:44:10,12/18/24,2,, Stop,,21517.75,,21517.75,,,
6301601271,375145,6301601271, Buy,MNQH5,MNQ,Micro E-mini NASDAQ-100,,,,6301601271, Canceled,-2,0,0.25,,6301601271,12/18/2024 15:44:05,12/18/24,2,, Limit,21475.25,,21475.25,,,,
6301601289,375145,6301601289, Buy,MNQH5,MNQ,Micro E-mini NASDAQ-100,21505.125,2,12/18/2024 15:44:20,6301601289, Filled,-2,0,0.25,,6301601289,12/18/2024 15:44:20,12/18/24,2,AutoLiq, Market,,,,,2,21505.13,21505.125
6301601309,375145,6301601309, Buy,MNQH5,MNQ,Micro E-mini NASDAQ-100,,,,6301601309, Rejected,-2,0,0.25,,6301601309,12/18/2024 15:45:48,12/18/24,1,, Market,,,,,,,
6301601318,375145,6301601318, Buy,NQH5,NQ,E-Mini NASDAQ 100,,,,6301601318, Canceled,-2,0,0.25,,6301601318,12/19/2024 14:41:10,12/19/24,1,, Stop,,21475.50,,21475.5,,,
6301601325,375145,6301601325, Sell,NQH5,NQ,E-Mini NASDAQ 100,21460.0,1,12/19/2024 15:14:25,6301601325, Filled,-2,0,0.25,,6301601325,12/19/2024 15:14:23,12/19/24,1,, Limit,21460.00,,21460.0,,1,21460.00,21460.0
6301601334,375145,6301601334, Buy,NQH5,NQ,E-Mini NASDAQ 100,21469.75,1,12/19/2024 15:15:05,6301601345, Filled,-2,0,0.25,,6301601345,12/19/2024 15:14:42,12/19/24,1,, Stop,,21469.75,,21469.75,1,21469.75,21469.75
6301601336,375145,6301601336, Buy,NQH5,NQ,E-Mini NASDAQ 100,,,,6301601340, Canceled,-2,0,0.25,,6301601340,12/19/2024 15:14:29,12/19/24,1,, Limit,21440.50,,21440.5,,,,
6301601362,375145,6301601362, Buy,NQH5,NQ,E-Mini NASDAQ 100,21502.75,1,12/19/2024 15:31:42,6301601362, Filled,-2,0,0.25,,6301601362,12/19/2024 15:31:32,12/19/24,1,, Stop,,21502.50,,21502.5,1,21502.75,21502.75
6301601371,375145,6301601371, Sell,NQH5,NQ,E-Mini NASDAQ 100,21487.0,1,12/19/2024 15:31:57,6301601392, Filled,-2,0,0.25,,6301601392,12/19/2024 15:31:57,12/19/24,1,, Stop,,21487.25,,21487.25,1,21487.00,21487.0
6301601373,375145,6301601373, Sell,NQH5,NQ,E-Mini NASDAQ 100,,,,6301601382, Canceled,-2,0,0.25,,6301601382,12/19/2024 15:31:48,12/19/24,1,, Limit,21514.00,,21514.0,,,,
6301601409,375145,6301601409, Buy,NQH5,NQ,E-Mini NASDAQ 100,,,,6301601409, Canceled,-2,0,0.25,,6301601409,12/19/2024 15:33:46,12/19/24,1,, Stop,,21475.75,,21475.75,,,
6301601421,375145,6301601421, Sell,MNQH5,MNQ,Micro E-mini NASDAQ-100,,,,6301601421, Canceled,-2,0,0.25,,6301601421,12/20/2024 09:32:45,12/20/24,4,, Limit,21204.50,,21204.5,,,,
6301601428,375145,6301601428, Buy,MNQH5,MNQ,Micro E-mini NASDAQ-100,,,,6301601428, Canceled,-2,0,0.25,,6301601428,12/20/2024 09:43:53,12/20/24,2,, Limit,21225.00,,21225.0,,,,
6301601435,375145,6301601435, Buy,MNQH5,MNQ,Micro E-mini NASDAQ-100,21270.25,1,12/20/2024 09:45:51,6301601435, Filled,-2,0,0.25,,6301601435,12/20/2024 09:45:48,12/20/24,1,, Limit,21270.25,,21270.25,,1,21270.25,21270.25
6301601445,375145,6301601445, Sell,MNQH5,MNQ,Micro E-mini NASDAQ-100,21254.5,1,12/20/2024 09:46:28,6301601451, Filled,-2,0,0.25,,6301601451,12/20/2024 09:46:04,12/20/24,1,, Stop,,21254.50,,21254.5,1,21254.50,21254.5
6301601447,375145,6301601447, Sell,MNQH5,MNQ,Micro E-mini NASDAQ-100,,,,6301601461, Canceled,-2,0,0.25,,6301601461,12/20/2024 09:46:21,12/20/24,1,, Limit,21302.00,,21302.0,,,,
6301601478,375145,6301601478, Buy,MNQH5,MNQ,Micro E-mini NASDAQ-100,21224.25,2,12/20/2024 09:48:09,6301601478, Filled,-2,0,0.25,,6301601478,12/20/2024 09:47:44,12/20/24,2,, Limit,21224.25,,21224.25,,2,21224.25,21224.25
6301601487,375145,6301601487, Sell,MNQH5,MNQ,Micro E-mini NASDAQ-100,21182.0,2,12/20/2024 09:50:10,6301601513, Filled,-2,0,0.25,,6301601513,12/20/2024 09:48:42,12/20/24,2,, Stop,,21182.75,,21182.75,2,21182.00,21182.0
6301601489,375145,6301601489, Sell,MNQH5,MNQ,Micro E-mini NASDAQ-100,,,,6301601508, Canceled,-2,0,0.25,,6301601508,12/20/2024 09:48:29,12/20/24,2,, Limit,21266.25,,21266.25,,,,
6301601530,375145,6301601530, Buy,MNQH5,MNQ,Micro E-mini NASDAQ-100,,,,6301601530, Canceled,-2,0,0.25,,6301601530,12/20/2024 10:00:00,12/20/24,2,, Limit,21214.25,,21214.25,,,,
6301601537,375145,6301601537, Buy,MNQH5,MNQ,Micro E-mini NASDAQ-100,21273.0,4,12/20/2024 10:09:57,6301601537, Filled,-2,0,0.25,,6301601537,12/20/2024 10:09:52,12/20/24,4,, Limit,21273.00,,21273.0,,4,21273.00,21273.0
6301601552,375145,6301601552, Sell,MNQH5,MNQ,Micro E-mini NASDAQ-100,21248.0625,4,12/20/2024 10:10:07,6301601563, Filled,-2,0,0.25,,6301601563,12/20/2024 10:10:06,12/20/24,4,, Stop,,21249.50,,21249.5,4,21248.06,21248.0625
6301601554,375145,6301601554, Sell,MNQH5,MNQ,Micro E-mini NASDAQ-100,,,,6301601584, Canceled,-2,0,0.25,,6301601584,12/20/2024 10:10:07,12/20/24,3,, Limit,21283.25,,21283.25,,,,
6301601595,375145,6301601595, Buy,MNQH5,MNQ,Micro E-mini NASDAQ-100,21256.75,4,12/20/2024 10:11:02,6301601595, Filled,-2,0,0.25,,6301601595,12/20/2024 10:11:02,12/20/24,4,, Market,,,,,4,21256.75,21256.75
6301601604,375145,6301601604, Sell,MNQH5,MNQ,Micro E-mini NASDAQ-100,,,,6301601638, Canceled,-2,0,0.25,,6301601638,12/20/2024 10:11:24,12/20/24,3,, Stop,,21215.75,,21215.75,,,
6301601606,375145,6301601606, Sell,MNQH5,MNQ,Micro E-mini NASDAQ-100,21278.75,4,12/20/2024 10:11:23,6301601625, Filled,-2,0,0.25,,6301601625,12/20/2024 10:11:19,12/20/24,4,, Limit,21278.75,,21278.75,,4,21278.75,21278.75
6301601655,375145,6301601655, Buy,MNQH5,MNQ,Micro E-mini NASDAQ-100,21345.5,2,12/20/2024 10:19:06,6301601658, Filled,-2,0,0.25,,6301601658,12/20/2024 10:19:00,12/20/24,2,, Stop,,21345.25,,21345.25,2,21345.50,21345.5
6301601669,375145,6301601669, Sell,MNQH5,MNQ,Micro E-mini NASDAQ-100,,,,6301601725, Canceled,-2,0,0.25,,6301601725,12/20/2024 10:23:18,12/20/24,2,, Stop,,21346.00,,21346.0,,,
6301601671,375145,6301601671, Sell,MNQH5,MNQ,Micro E-mini NASDAQ-100,,,,6301601720, Canceled,-2,0,0.25,,6301601720,12/20/2024 10:23:14,12/20/24,2,, Limit,21375.25,,21375.25,,,,
6301601738,375145,6301601738, Sell,MNQH5,MNQ,Micro E-mini NASDAQ-100,21374.25,2,12/20/2024 10:23:33,6301601738, Filled,-2,0,0.25,,6301601738,12/20/2024 10:23:33,12/20/24,2,, Market,,,,,2,21374.25,21374.25
6301601749,375145,6301601749, Buy,MNQH5,MNQ,Micro E-mini NASDAQ-100,,,,6301601749, Canceled,-2,0,0.25,,6301601749,12/20/2024 10:46:57,12/20/24,2,, Limit,21510.50,,21510.5,,,,
6301601756,375145,6301601756, Buy,MNQH5,MNQ,Micro E-mini NASDAQ-100,21521.25,4,12/20/2024 10:58:10,6301601756, Filled,-2,0,0.25,,6301601756,12/20/2024 10:58:09,12/20/24,4,, Stop,,21521.00,,21521.0,4,21521.25,21521.25
6301601765,375145,6301601765, Sell,MNQH5,MNQ,Micro E-mini NASDAQ-100,21505.75,4,12/20/2024 11:00:07,6301601786, Filled,-2,0,0.25,,6301601786,12/20/2024 10:59:41,12/20/24,4,, Stop,,21505.75,,21505.75,4,21505.75,21505.75
6301601767,375145,6301601767, Sell,MNQH5,MNQ,Micro E-mini NASDAQ-100,,,,6301601776, Canceled,-2,0,0.25,,6301601776,12/20/2024 10:58:16,12/20/24,4,, Limit,21535.25,,21535.25,,,,
6301601803,375145,6301601803, Buy,MNQH5,MNQ,Micro E-mini NASDAQ-100,21523.5,4,12/20/2024 11:01:12,6301601803, Filled,-2,0,0.25,,6301601803,12/20/2024 11:00:57,12/20/24,4,, Stop,,21523.25,,21523.25,4,21523.50,21523.5
6301601812,375145,6301601812, Sell,MNQH5,MNQ,Micro E-mini NASDAQ-100,,,,6301601818, Canceled,-2,0,0.25,,6301601818,12/20/2024 11:01:15,12/20/24,4,, Stop,,21502.25,,21502.25,,,
6301601814,375145,6301601814, Sell,MNQH5,MNQ,Micro E-mini NASDAQ-100,21535.5,4,12/20/2024 11:01:43,6301601833, Filled,-2,0,0.25,,6301601833,12/20/2024 11:01:42,12/20/24,4,, Limit,21535.50,,21535.5,,4,21535.50,21535.5
6301601850,375145,6301601850, Buy,MNQH5,MNQ,Micro E-mini NASDAQ-100,21558.5,1,12/20/2024 11:02:31,6301601850, Filled,-2,0,0.25,,6301601850,12/20/2024 11:02:31,12/20/24,1,, Market,,,,,1,21558.50,21558.5
6301601859,375145,6301601859, Sell,MNQH5,MNQ,Micro E-mini NASDAQ-100,,,,6301601865, Canceled,-2,0,0.25,,6301601865,12/20/2024 11:02:35,12/20/24,1,, Stop,,21550.50,,21550.5,,,
6301601861,375145,6301601861, Sell,MNQH5,MNQ,Micro E-mini NASDAQ-100,21568.75,1,12/20/2024 11:02:43,6301601861, Filled,-2,0,0.25,,6301601861,12/20/2024 11:02:31,12/20/24,1,, Limit,21568.75,,21568.75,,1,21568.75,21568.75
6301601882,375145,6301601882, Buy,NQH5,NQ,E-Mini NASDAQ 100,,,,6301601882, Rejected,-2,0,0.25,,6301601882,12/20/2024 12:27:15,12/20/24,4,, Limit,21784.00,,21784.0,,,,
6301601884,375145,6301601884, Buy,NQH5,NQ,E-Mini NASDAQ 100,,,,6301601884, Rejected,-2,0,0.25,,6301601884,12/20/2024 12:27:23,12/20/24,1,, Limit,21784.00,,21784.0,,,,
6301601886,375145,6301601886, Buy,MNQH5,MNQ,Micro E-mini NASDAQ-100,21685.6875,4,12/20/2024 14:21:38,6301601886, Filled,-2,0,0.25,,6301601886,12/20/2024 14:21:38,12/20/24,4,, Limit,21687.00,,21687.0,,4,21685.69,21685.6875
6301601901,375145,6301601901, Sell,MNQH5,MNQ,Micro E-mini NASDAQ-100,,,,6301601917, Canceled,-2,0,0.25,,6301601917,12/20/2024 14:23:57,12/20/24,4,, Stop,,21686.50,,21686.5,,,
6301601903,375145,6301601903, Sell,MNQH5,MNQ,Micro E-mini NASDAQ-100,21695.75,4,12/20/2024 14:24:08,6301601903, Filled,-2,0,0.25,,6301601903,12/20/2024 14:21:38,12/20/24,4,, Limit,21695.75,,21695.75,,4,21695.75,21695.75
6301601936,375145,6301601936, Buy,MNQH5,MNQ,Micro E-mini NASDAQ-100,21739.0,4,12/20/2024 14:37:56,6301601936, Filled,-2,0,0.25,,6301601936,12/20/2024 14:37:54,12/20/24,4,, Limit,21739.00,,21739.0,,4,21739.00,21739.0
6301601951,375145,6301601951, Sell,MNQH5,MNQ,Micro E-mini NASDAQ-100,21728.75,4,12/20/2024 14:40:18,6301601957, Filled,-2,0,0.25,,6301601957,12/20/2024 14:38:00,12/20/24,4,, Stop,,21728.75,,21728.75,4,21728.75,21728.75
6301601953,375145,6301601953, Sell,MNQH5,MNQ,Micro E-mini NASDAQ-100,,,,6301601962, Canceled,-2,0,0.25,,6301601962,12/20/2024 14:38:03,12/20/24,4,, Limit,21750.25,,21750.25,,,,
6301601981,375145,6301601981, Sell,MNQH5,MNQ,Micro E-mini NASDAQ-100,,,,6301601981, Canceled,-2,0,0.25,,6301601981,12/20/2024 14:48:14,12/20/24,4,, Limit,21727.25,,21727.25,,,,
6301601988,375145,6301601988, Buy,MNQH5,MNQ,Micro E-mini NASDAQ-100,,,,6301601988, Canceled,-2,0,0.25,,6301601988,12/20/2024 14:58:03,12/20/24,4,, Limit,21702.00,,21702.0,,,,
6301601995,375145,6301601995, Buy,MNQH5,MNQ,Micro E-mini NASDAQ-100,21674.0,4,12/20/2024 15:14:24,6301601995, Filled,-2,0,0.25,,6301601995,12/20/2024 15:14:05,12/20/24,4,, Limit,21674.00,,21674.0,,4,21674.00,21674.0
6301602010,375145,6301602010, Sell,MNQH5,MNQ,Micro E-mini NASDAQ-100,21675.0,3,12/20/2024 15:20:28,6301602083, Filled,-2,0,0.25,,6301602083,12/20/2024 15:20:09,12/20/24,3,, Stop,,21675.00,,21675.0,3,21675.00,21675.0
6301602012,375145,6301602012, Sell,MNQH5,MNQ,Micro E-mini NASDAQ-100,,,,6301602016, Canceled,-2,0,0.25,,6301602016,12/20/2024 15:14:48,12/20/24,3,, Limit,21689.50,,21689.5,,,,
6301602027,375145,6301602027, Sell,MNQH5,MNQ,Micro E-mini NASDAQ-100,21675.0,1,12/20/2024 15:20:28,6301602085, Filled,-2,0,0.25,,6301602085,12/20/2024 15:20:09,12/20/24,1,, Stop,,21675.00,,21675.0,1,21675.00,21675.0
6301602029,375145,6301602029, Sell,MNQH5,MNQ,Micro E-mini NASDAQ-100,,,,6301602029, Canceled,-2,0,0.25,,6301602029,12/20/2024 15:15:03,12/20/24,1,, Limit,21689.50,,21689.5,,,,
6301602119,375145,6301602119, Sell,MNQH5,MNQ,Micro E-mini NASDAQ-100,21612.5,4,12/20/2024 15:44:42,6301602119, Filled,-2,0,0.25,,6301602119,12/20/2024 15:44:36,12/20/24,4,, Limit,21612.50,,21612.5,,4,21612.50,21612.5
6301602128,375145,6301602128, Buy,MNQH5,MNQ,Micro E-mini NASDAQ-100,21626.0,4,12/20/2024 15:45:30,6301602134, Filled,-2,0,0.25,,6301602134,12/20/2024 15:44:44,12/20/24,4,, Stop,,21625.75,,21625.75,4,21626.00,21626.0
6301602130,375145,6301602130, Buy,MNQH5,MNQ,Micro E-mini NASDAQ-100,,,,6301602139, Canceled,-2,0,0.25,,6301602139,12/20/2024 15:44:47,12/20/24,4,, Limit,21597.50,,21597.5,,,,
6301602156,375145,6301602156, Buy,MNQH5,MNQ,Micro E-mini NASDAQ-100,21624.5,1,12/20/2024 15:45:49,6301602156, Filled,-2,0,0.25,,6301602156,12/20/2024 15:45:49,12/20/24,1,, Market,,,,,1,21624.50,21624.5
6301602165,375145,6301602165, Sell,MNQH5,MNQ,Micro E-mini NASDAQ-100,,,,6301602171, Canceled,-2,0,0.25,,6301602171,12/20/2024 15:45:53,12/20/24,1,, Stop,,21606.50,,21606.5,,,
6301602167,375145,6301602167, Sell,MNQH5,MNQ,Micro E-mini NASDAQ-100,21636.0,1,12/20/2024 15:46:21,6301602176, Filled,-2,0,0.25,,6301602176,12/20/2024 15:45:57,12/20/24,1,, Limit,21636.00,,21636.0,,1,21636.00,21636.0
6301602198,375145,6301602198, Sell,NQH5,NQ,E-Mini NASDAQ 100,,,,6301602198, Rejected,-2,0,0.25,,6301602198,12/23/2024 10:19:24,12/23/24,2,, Limit,21548.50,,21548.5,,,,
6301602200,375145,6301602200, Sell,MNQH5,MNQ,Micro E-mini NASDAQ-100,21548.125,2,12/23/2024 10:19:44,6301602200, Filled,-2,0,0.25,,6301602200,12/23/2024 10:19:44,12/23/24,2,, Market,,,,,2,21548.13,21548.125
6301602217,375145,6301602217, Buy,MNQH5,MNQ,Micro E-mini NASDAQ-100,,,,6301602248, Canceled,-2,0,0.25,,6301602248,12/23/2024 10:20:53,12/23/24,2,, Stop,,21553.50,,21553.5,,,
6301602219,375145,6301602219, Buy,MNQH5,MNQ,Micro E-mini NASDAQ-100,21527.5,2,12/23/2024 10:20:53,6301602233, Filled,-2,0,0.25,,6301602233,12/23/2024 10:20:19,12/23/24,2,, Limit,21527.50,,21527.5,,2,21527.50,21527.5
6301602258,375145,6301602258, Buy,MNQH5,MNQ,Micro E-mini NASDAQ-100,,,,6301602258, Canceled,-2,0,0.25,,6301602258,12/23/2024 12:09:30,12/23/24,2,, Limit,21685.75,,21685.75,,,,
6301602270,375145,6301602270, Buy,NQH5,NQ,E-Mini NASDAQ 100,,,,6301602270, Rejected,-2,0,0.25,,6301602270,12/24/2024 09:43:39,12/24/24,3,, Limit,21846.00,,21846.0,,,,
6301602272,375145,6301602272, Buy,MNQH5,MNQ,Micro E-mini NASDAQ-100,,,,6301602272, Canceled,-2,0,0.25,,6301602272,12/24/2024 09:43:57,12/24/24,2,, Limit,21846.25,,21846.25,,,,
6301602279,375145,6301602279, Buy,MNQH5,MNQ,Micro E-mini NASDAQ-100,,,,6301602279, Canceled,-2,0,0.25,,6301602279,12/24/2024 10:37:32,12/24/24,4,, Limit,21934.25,,21934.25,,,,
6301602286,375145,6301602286, Buy,MNQH5,MNQ,Micro E-mini NASDAQ-100,,,,6301602286, Canceled,-2,0,0.25,,6301602286,12/24/2024 11:03:57,12/24/24,3,, Limit,21963.50,,21963.5,,,,
6301602293,375145,6301602293, Buy,MNQH5,MNQ,Micro E-mini NASDAQ-100,,,,6301602293, Canceled,-2,0,0.25,,6301602293,12/24/2024 12:16:48,12/24/24,3,, Limit,21976.50,,21976.5,,,,
6301602300,375145,6301602300, Buy,MNQH5,MNQ,Micro E-mini NASDAQ-100,21976.5,1,12/24/2024 12:18:24,6301602300, Filled,-2,0,0.25,,6301602300,12/24/2024 12:18:02,12/24/24,3,, Limit,21976.50,,21976.5,,1,21976.50,21976.5
6301602309,375145,6301602309, Sell,MNQH5,MNQ,Micro E-mini NASDAQ-100,21977.25,1,12/24/2024 12:24:37,6301602334, Filled,-2,0,0.25,,6301602334,12/24/2024 12:21:04,12/24/24,1,, Stop,,21977.25,,21977.25,1,21977.25,21977.25
6301602311,375145,6301602311, Sell,MNQH5,MNQ,Micro E-mini NASDAQ-100,,,,6301602329, Canceled,-2,0,0.25,,6301602329,12/24/2024 12:19:19,12/24/24,1,, Limit,21992.00,,21992.0,,,,
6301602359,375145,6301602359, Buy,MNQH5,MNQ,Micro E-mini NASDAQ-100,22037.25,4,12/26/2024 15:16:21,6301602362, Filled,-2,0,0.25,,6301602362,12/26/2024 15:16:11,12/26/24,4,, Limit,22037.25,,22037.25,,4,22037.25,22037.25
6301602374,375145,6301602374, Sell,MNQH5,MNQ,Micro E-mini NASDAQ-100,,,,6301602395, Canceled,-2,0,0.25,,6301602395,12/26/2024 15:21:33,12/26/24,4,, Stop,,22032.25,,22032.25,,,
6301602376,375145,6301602376, Sell,MNQH5,MNQ,Micro E-mini NASDAQ-100,,,,6301602380, Canceled,-2,0,0.25,,6301602380,12/26/2024 15:16:31,12/26/24,4,, Limit,22052.25,,22052.25,,,,
6301602408,375145,6301602408, Sell,MNQH5,MNQ,Micro E-mini NASDAQ-100,22045.25,4,12/26/2024 15:23:53,6301602408, Filled,-2,0,0.25,,6301602408,12/26/2024 15:23:53,12/26/24,4,, Market,,,,,4,22045.25,22045.25
6301602424,375145,6301602424, Buy,MNQH5,MNQ,Micro E-mini NASDAQ-100,21599.0,2,12/27/2024 10:52:17,6301602424, Filled,-2,0,0.25,,6301602424,12/27/2024 10:52:13,12/27/24,2,, Limit,21599.00,,21599.0,,2,21599.00,21599.0
6301602433,375145,6301602433, Sell,MNQH5,MNQ,Micro E-mini NASDAQ-100,,,,6301602444, Canceled,-2,0,0.25,,6301602444,12/27/2024 10:52:25,12/27/24,2,, Stop,,21588.50,,21588.5,,,
6301602435,375145,6301602435, Sell,MNQH5,MNQ,Micro E-mini NASDAQ-100,21611.75,2,12/27/2024 10:52:34,6301602449, Filled,-2,0,0.25,,6301602449,12/27/2024 10:52:27,12/27/24,2,, Limit,21611.75,,21611.75,,2,21611.75,21611.75
6301602471,375145,6301602471, Buy,MNQH5,MNQ,Micro E-mini NASDAQ-100,21331.0625,4,12/30/2024 09:53:01,6301602471, Filled,-2,0,0.25,,6301602471,12/30/2024 09:53:01,12/30/24,4,, Limit,21332.00,,21332.0,,4,21331.06,21331.0625
6301602488,375145,6301602488, Sell,MNQH5,MNQ,Micro E-mini NASDAQ-100,21320.25,4,12/30/2024 09:54:02,6301602494, Filled,-2,0,0.25,,6301602494,12/30/2024 09:53:05,12/30/24,4,, Stop,,21320.25,,21320.25,4,21320.25,21320.25
6301602490,375145,6301602490, Sell,MNQH5,MNQ,Micro E-mini NASDAQ-100,,,,6301602499, Canceled,-2,0,0.25,,6301602499,12/30/2024 09:53:08,12/30/24,4,, Limit,21351.25,,21351.25,,,,
6301602518,375145,6301602518, Buy,MNQH5,MNQ,Micro E-mini NASDAQ-100,,,,6301602518, Canceled,-2,0,0.25,,6301602518,12/30/2024 10:06:11,12/30/24,4,, Limit,21287.50,,21287.5,,,,
6301602525,375145,6301602525, Buy,MNQH5,MNQ,Micro E-mini NASDAQ-100,,,,6301602525, Canceled,-2,0,0.25,,6301602525,12/30/2024 11:06:44,12/30/24,3,, Limit,21353.25,,21353.25,,,,
6301602532,375145,6301602532, Buy,MNQH5,MNQ,Micro E-mini NASDAQ-100,,,,6301602532, Canceled,-2,0,0.25,,6301602532,12/30/2024 11:24:31,12/30/24,4,, Limit,21380.75,,21380.75,,,,
6301602539,375145,6301602539, Buy,MNQH5,MNQ,Micro E-mini NASDAQ-100,21385.75,4,12/30/2024 11:28:28,6301602539, Filled,-2,0,0.25,,6301602539,12/30/2024 11:28:28,12/30/24,4,, Limit,21385.75,,21385.75,,4,21385.75,21385.75
6301602554,375145,6301602554, Sell,MNQH5,MNQ,Micro E-mini NASDAQ-100,,,,6301602581, Canceled,-2,0,0.25,,6301602581,12/30/2024 11:29:47,12/30/24,2,, Stop,,21374.25,,21374.25,,,
6301602556,375145,6301602556, Sell,MNQH5,MNQ,Micro E-mini NASDAQ-100,21396.0,4,12/30/2024 11:29:47,6301602556, Filled,-2,0,0.25,,6301602556,12/30/2024 11:28:28,12/30/24,4,, Limit,21396.00,,21396.0,,4,21396.00,21396.0
6301602598,375145,6301602598, Sell,MNQH5,MNQ,Micro E-mini NASDAQ-100,,,,6301602598, Canceled,-2,0,0.25,,6301602598,12/30/2024 14:27:45,12/30/24,4,, Limit,21513.00,,21513.0,,,,
6301602605,375145,6301602605, Buy,MNQH5,MNQ,Micro E-mini NASDAQ-100,21515.5,3,12/30/2024 14:34:44,6301602605, Filled,-2,0,0.25,,6301602605,12/30/2024 14:34:32,12/30/24,3,, Limit,21515.50,,21515.5,,3,21515.50,21515.5
6301602620,375145,6301602620, Sell,MNQH5,MNQ,Micro E-mini NASDAQ-100,,,,6301602706, Canceled,-2,0,0.25,,6301602706,12/30/2024 14:46:51,12/30/24,3,, Stop,,21513.25,,21513.25,,,
6301602622,375145,6301602622, Sell,MNQH5,MNQ,Micro E-mini NASDAQ-100,,,,6301602696, Canceled,-2,0,0.25,,6301602696,12/30/2024 14:45:58,12/30/24,3,, Limit,21529.50,,21529.5,,,,
6301602719,375145,6301602719, Sell,MNQH5,MNQ,Micro E-mini NASDAQ-100,21524.75,3,12/30/2024 14:46:56,6301602719, Filled,-2,0,0.25,,6301602719,12/30/2024 14:46:56,12/30/24,3,, Market,,,,,3,21524.75,21524.75
6301602737,375145,6301602737, Buy,MNQH5,MNQ,Micro E-mini NASDAQ-100,21324.75,4,12/31/2024 12:21:03,6301602737, Filled,-2,0,0.25,,6301602737,12/31/2024 12:20:49,12/31/24,4,, Limit,21324.75,,21324.75,,4,21324.75,21324.75
6301602746,375145,6301602746, Sell,MNQH5,MNQ,Micro E-mini NASDAQ-100,21313.875,4,12/31/2024 12:21:24,6301602752, Filled,-2,0,0.25,,6301602752,12/31/2024 12:21:10,12/31/24,4,, Stop,,21314.00,,21314.0,4,21313.88,21313.875
6301602748,375145,6301602748, Sell,MNQH5,MNQ,Micro E-mini NASDAQ-100,,,,6301602778, Canceled,-2,0,0.25,,6301602778,12/31/2024 12:21:24,12/31/24,2,, Limit,21336.75,,21336.75,,,,
